id,email,first_name,last_name,company,country
1,bruno.almeida1@outlook.com,Bruno,Almeida,Acme 2,US
2,carla.costa2@company.com,Carla,Costa,Acme 3,AU
3,diego.santos3@startup.com,Diego,Santos,Acme 4,DE
4,elisa.fernandes4@gmail.com,Elisa,Fernandes,Acme 5,PT
5,fabio.pereira5@outlook.com,Fabio,Pereira,Acme 6,AR
6,gabriela.oliveira6@company.com,Gabriela,Oliveira,Acme 7,MX
7,henrique.lima7@startup.com,Henrique,Lima,Acme 8,CA
8,isabela.ribeiro8@gmail.com,Isabela,Ribeiro,Acme 9,UK
9,joao.souza9@outlook.com,Joao,Souza,Acme 10,ES
10,ana.silva10@company.com,Ana,Silva,Acme 11,BR
11,bruno.almeida11@startup.com,Bruno,Almeida,Acme 12,US
12,carla.costa12@gmail.com,Carla,Costa,Acme 13,AU
13,diego.santos13@outlook.com,Diego,Santos,Acme 14,DE
14,elisa.fernandes14@company.com,Elisa,Fernandes,Acme 15,PT
15,fabio.pereira15@startup.com,Fabio,Pereira,Acme 16,AR
16,gabriela.oliveira16@gmail.com,Gabriela,Oliveira,Acme 17,MX
17,henrique.lima17@outlook.com,Henrique,Lima,Acme 18,CA
18,isabela.ribeiro18@company.com,Isabela,Ribeiro,Acme 19,UK
19,joao.souza19@startup.com,Joao,Souza,Acme 20,ES
20,ana.silva20@gmail.com,Ana,Silva,Acme 21,BR
21,bruno.almeida21@outlook.com,Bruno,Almeida,Acme 22,US
22,carla.costa22@company.com,Carla,Costa,Acme 23,AU
23,diego.santos23@startup.com,Diego,Santos,Acme 24,DE
24,elisa.fernandes24@gmail.com,Elisa,Fernandes,Acme 25,PT
25,fabio.pereira25@outlook.com,Fabio,Pereira,Acme 26,AR
26,gabriela.oliveira26@company.com,Gabriela,Oliveira,Acme 27,MX
27,henrique.lima27@startup.com,Henrique,Lima,Acme 28,CA
28,isabela.ribeiro28@gmail.com,Isabela,Ribeiro,Acme 29,UK
29,joao.souza29@outlook.com,Joao,Souza,Acme 30,ES
30,ana.silva30@company.com,Ana,Silva,Acme 31,BR
31,bruno.almeida31@startup.com,Bruno,Almeida,Acme 32,US
32,carla.costa32@gmail.com,Carla,Costa,Acme 33,AU
33,diego.santos33@outlook.com,Diego,Santos,Acme 34,DE
34,elisa.fernandes34@company.com,Elisa,Fernandes,Acme 35,PT
35,fabio.pereira35@startup.com,Fabio,Pereira,Acme 36,AR
36,gabriela.oliveira36@gmail.com,Gabriela,Oliveira,Acme 37,MX
37,henrique.lima37@outlook.com,Henrique,Lima,Acme 38,CA
38,isabela.ribeiro38@company.com,Isabela,Ribeiro,Acme 39,UK
39,joao.souza39@startup.com,Joao,Souza,Acme 40,ES
40,ana.silva40@gmail.com,Ana,Silva,Acme 41,BR
41,bruno.almeida41@outlook.com,Bruno,Almeida,Acme 42,US
42,carla.costa42@company.com,Carla,Costa,Acme 43,AU
43,diego.santos43@startup.com,Diego,Santos,Acme 44,DE
44,elisa.fernandes44@gmail.com,Elisa,Fernandes,Acme 45,PT
45,fabio.pereira45@outlook.com,Fabio,Pereira,Acme 46,AR
46,gabriela.oliveira46@company.com,Gabriela,Oliveira,Acme 47,MX
47,henrique.lima47@startup.com,Henrique,Lima,Acme 1,CA
48,isabela.ribeiro48@gmail.com,Isabela,Ribeiro,Acme 2,UK
49,joao.souza49@outlook.com,Joao,Souza,Acme 3,ES
50,ana.silva50@company.com,Ana,Silva,Acme 4,BR
51,bruno.almeida51@startup.com,Bruno,Almeida,Acme 5,US
52,carla.costa52@gmail.com,Carla,Costa,Acme 6,AU
53,diego.santos53@outlook.com,Diego,Santos,Acme 7,DE
54,elisa.fernandes54@company.com,Elisa,Fernandes,Acme 8,PT
55,fabio.pereira55@startup.com,Fabio,Pereira,Acme 9,AR
56,gabriela.oliveira56@gmail.com,Gabriela,Oliveira,Acme 10,MX
57,henrique.lima57@outlook.com,Henrique,Lima,Acme 11,CA
58,isabela.ribeiro58@company.com,Isabela,Ribeiro,Acme 12,UK
59,joao.souza59@startup.com,Joao,Souza,Acme 13,ES
60,ana.silva60@gmail.com,Ana,Silva,Acme 14,BR
61,bruno.almeida61@outlook.com,Bruno,Almeida,Acme 15,US
62,carla.costa62@company.com,Carla,Costa,Acme 16,AU
63,diego.santos63@startup.com,Diego,Santos,Acme 17,DE
64,elisa.fernandes64@gmail.com,Elisa,Fernandes,Acme 18,PT
65,fabio.pereira65@outlook.com,Fabio,Pereira,Acme 19,AR
66,gabriela.oliveira66@company.com,Gabriela,Oliveira,Acme 20,MX
67,henrique.lima67@startup.com,Henrique,Lima,Acme 21,CA
68,isabela.ribeiro68@gmail.com,Isabela,Ribeiro,Acme 22,UK
69,joao.souza69@outlook.com,Joao,Souza,Acme 23,ES
70,ana.silva70@company.com,Ana,Silva,Acme 24,BR
71,bruno.almeida71@startup.com,Bruno,Almeida,Acme 25,US
72,carla.costa72@gmail.com,Carla,Costa,Acme 26,AU
73,diego.santos73@outlook.com,Diego,Santos,Acme 27,DE
74,elisa.fernandes74@company.com,Elisa,Fernandes,Acme 28,PT
75,fabio.pereira75@startup.com,Fabio,Pereira,Acme 29,AR
76,gabriela.oliveira76@gmail.com,Gabriela,Oliveira,Acme 30,MX
77,henrique.lima77@outlook.com,Henrique,Lima,Acme 31,CA
78,isabela.ribeiro78@company.com,Isabela,Ribeiro,Acme 32,UK
79,joao.souza79@startup.com,Joao,Souza,Acme 33,ES
80,ana.silva80@gmail.com,Ana,Silva,Acme 34,BR
81,bruno.almeida81@outlook.com,Bruno,Almeida,Acme 35,US
82,carla.costa82@company.com,Carla,Costa,Acme 36,AU
83,diego.santos83@startup.com,Diego,Santos,Acme 37,DE
84,elisa.fernandes84@gmail.com,Elisa,Fernandes,Acme 38,PT
85,fabio.pereira85@outlook.com,Fabio,Pereira,Acme 39,AR
86,gabriela.oliveira86@company.com,Gabriela,Oliveira,Acme 40,MX
87,henrique.lima87@startup.com,Henrique,Lima,Acme 41,CA
88,isabela.ribeiro88@gmail.com,Isabela,Ribeiro,Acme 42,UK
89,joao.souza89@outlook.com,Joao,Souza,Acme 43,ES
90,ana.silva90@company.com,Ana,Silva,Acme 44,BR
91,bruno.almeida91@startup.com,Bruno,Almeida,Acme 45,US
92,carla.costa92@gmail.com,Carla,Costa,Acme 46,AU
93,diego.santos93@outlook.com,Diego,Santos,Acme 47,DE
94,elisa.fernandes94@company.com,Elisa,Fernandes,Acme 1,PT
95,fabio.pereira95@startup.com,Fabio,Pereira,Acme 2,AR
96,gabriela.oliveira96@gmail.com,Gabriela,Oliveira,Acme 3,MX
97,henrique.lima97@outlook.com,Henrique,Lima,Acme 4,CA
98,isabela.ribeiro98@company.com,Isabela,Ribeiro,Acme 5,UK
99,joao.souza99@startup.com,Joao,Souza,Acme 6,ES
100,ana.silva100@gmail.com,Ana,Silva,Acme 7,BR
101,bruno.almeida101@outlook.com,Bruno,Almeida,Acme 8,US
102,carla.costa102@company.com,Carla,Costa,Acme 9,AU
103,diego.santos103@startup.com,Diego,Santos,Acme 10,DE
104,elisa.fernandes104@gmail.com,Elisa,Fernandes,Acme 11,PT
105,fabio.pereira105@outlook.com,Fabio,Pereira,Acme 12,AR
106,gabriela.oliveira106@company.com,Gabriela,Oliveira,Acme 13,MX
107,henrique.lima107@startup.com,Henrique,Lima,Acme 14,CA
108,isabela.ribeiro108@gmail.com,Isabela,Ribeiro,Acme 15,UK
109,joao.souza109@outlook.com,Joao,Souza,Acme 16,ES
110,ana.silva110@company.com,Ana,Silva,Acme 17,BR
111,bruno.almeida111@startup.com,Bruno,Almeida,Acme 18,US
112,carla.costa112@gmail.com,Carla,Costa,Acme 19,AU
113,diego.santos113@outlook.com,Diego,Santos,Acme 20,DE
114,elisa.fernandes114@company.com,Elisa,Fernandes,Acme 21,PT
115,fabio.pereira115@startup.com,Fabio,Pereira,Acme 22,AR
116,gabriela.oliveira116@gmail.com,Gabriela,Oliveira,Acme 23,MX
117,henrique.lima117@outlook.com,Henrique,Lima,Acme 24,CA
118,isabela.ribeiro118@company.com,Isabela,Ribeiro,Acme 25,UK
119,joao.souza119@startup.com,Joao,Souza,Acme 26,ES
120,ana.silva120@gmail.com,Ana,Silva,Acme 27,BR
121,bruno.almeida121@outlook.com,Bruno,Almeida,Acme 28,US
122,carla.costa122@company.com,Carla,Costa,Acme 29,AU
123,diego.santos123@startup.com,Diego,Santos,Acme 30,DE
124,elisa.fernandes124@gmail.com,Elisa,Fernandes,Acme 31,PT
125,fabio.pereira125@outlook.com,Fabio,Pereira,Acme 32,AR
126,gabriela.oliveira126@company.com,Gabriela,Oliveira,Acme 33,MX
127,henrique.lima127@startup.com,Henrique,Lima,Acme 34,CA
128,isabela.ribeiro128@gmail.com,Isabela,Ribeiro,Acme 35,UK
129,joao.souza129@outlook.com,Joao,Souza,Acme 36,ES
130,ana.silva130@company.com,Ana,Silva,Acme 37,BR
131,bruno.almeida131@startup.com,Bruno,Almeida,Acme 38,US
132,carla.costa132@gmail.com,Carla,Costa,Acme 39,AU
133,diego.santos133@outlook.com,Diego,Santos,Acme 40,DE
134,elisa.fernandes134@company.com,Elisa,Fernandes,Acme 41,PT
135,fabio.pereira135@startup.com,Fabio,Pereira,Acme 42,AR
136,gabriela.oliveira136@gmail.com,Gabriela,Oliveira,Acme 43,MX
137,henrique.lima137@outlook.com,Henrique,Lima,Acme 44,CA
138,isabela.ribeiro138@company.com,Isabela,Ribeiro,Acme 45,UK
139,joao.souza139@startup.com,Joao,Souza,Acme 46,ES
140,ana.silva140@gmail.com,Ana,Silva,Acme 47,BR
141,bruno.almeida141@outlook.com,Bruno,Almeida,Acme 1,US
142,carla.costa142@company.com,Carla,Costa,Acme 2,AU
143,diego.santos143@startup.com,Diego,Santos,Acme 3,DE
144,elisa.fernandes144@gmail.com,Elisa,Fernandes,Acme 4,PT
145,fabio.pereira145@outlook.com,Fabio,Pereira,Acme 5,AR
146,gabriela.oliveira146@company.com,Gabriela,Oliveira,Acme 6,MX
147,henrique.lima147@startup.com,Henrique,Lima,Acme 7,CA
148,isabela.ribeiro148@gmail.com,Isabela,Ribeiro,Acme 8,UK
149,joao.souza149@outlook.com,Joao,Souza,Acme 9,ES
150,ana.silva150@company.com,Ana,Silva,Acme 10,BR
151,bruno.almeida151@startup.com,Bruno,Almeida,Acme 11,US
152,carla.costa152@gmail.com,Carla,Costa,Acme 12,AU
153,diego.santos153@outlook.com,Diego,Santos,Acme 13,DE
154,elisa.fernandes154@company.com,Elisa,Fernandes,Acme 14,PT
155,fabio.pereira155@startup.com,Fabio,Pereira,Acme 15,AR
156,gabriela.oliveira156@gmail.com,Gabriela,Oliveira,Acme 16,MX
157,henrique.lima157@outlook.com,Henrique,Lima,Acme 17,CA
158,isabela.ribeiro158@company.com,Isabela,Ribeiro,Acme 18,UK
159,joao.souza159@startup.com,Joao,Souza,Acme 19,ES
160,ana.silva160@gmail.com,Ana,Silva,Acme 20,BR
161,bruno.almeida161@outlook.com,Bruno,Almeida,Acme 21,US
162,carla.costa162@company.com,Carla,Costa,Acme 22,AU
163,diego.santos163@startup.com,Diego,Santos,Acme 23,DE
164,elisa.fernandes164@gmail.com,Elisa,Fernandes,Acme 24,PT
165,fabio.pereira165@outlook.com,Fabio,Pereira,Acme 25,AR
166,gabriela.oliveira166@company.com,Gabriela,Oliveira,Acme 26,MX
167,henrique.lima167@startup.com,Henrique,Lima,Acme 27,CA
168,isabela.ribeiro168@gmail.com,Isabela,Ribeiro,Acme 28,UK
169,joao.souza169@outlook.com,Joao,Souza,Acme 29,ES
170,ana.silva170@company.com,Ana,Silva,Acme 30,BR
171,bruno.almeida171@startup.com,Bruno,Almeida,Acme 31,US
172,carla.costa172@gmail.com,Carla,Costa,Acme 32,AU
173,diego.santos173@outlook.com,Diego,Santos,Acme 33,DE
174,elisa.fernandes174@company.com,Elisa,Fernandes,Acme 34,PT
175,fabio.pereira175@startup.com,Fabio,Pereira,Acme 35,AR
176,gabriela.oliveira176@gmail.com,Gabriela,Oliveira,Acme 36,MX
177,henrique.lima177@outlook.com,Henrique,Lima,Acme 37,CA
178,isabela.ribeiro178@company.com,Isabela,Ribeiro,Acme 38,UK
179,joao.souza179@startup.com,Joao,Souza,Acme 39,ES
180,ana.silva180@gmail.com,Ana,Silva,Acme 40,BR
181,bruno.almeida181@outlook.com,Bruno,Almeida,Acme 41,US
182,carla.costa182@company.com,Carla,Costa,Acme 42,AU
183,diego.santos183@startup.com,Diego,Santos,Acme 43,DE
184,elisa.fernandes184@gmail.com,Elisa,Fernandes,Acme 44,PT
185,fabio.pereira185@outlook.com,Fabio,Pereira,Acme 45,AR
186,gabriela.oliveira186@company.com,Gabriela,Oliveira,Acme 46,MX
187,henrique.lima187@startup.com,Henrique,Lima,Acme 47,CA
188,isabela.ribeiro188@gmail.com,Isabela,Ribeiro,Acme 1,UK
189,joao.souza189@outlook.com,Joao,Souza,Acme 2,ES
190,ana.silva190@company.com,Ana,Silva,Acme 3,BR
191,bruno.almeida191@startup.com,Bruno,Almeida,Acme 4,US
192,carla.costa192@gmail.com,Carla,Costa,Acme 5,AU
193,diego.santos193@outlook.com,Diego,Santos,Acme 6,DE
194,elisa.fernandes194@company.com,Elisa,Fernandes,Acme 7,PT
195,fabio.pereira195@startup.com,Fabio,Pereira,Acme 8,AR
196,gabriela.oliveira196@gmail.com,Gabriela,Oliveira,Acme 9,MX
197,henrique.lima197@outlook.com,Henrique,Lima,Acme 10,CA
198,isabela.ribeiro198@company.com,Isabela,Ribeiro,Acme 11,UK
199,joao.souza199@startup.com,Joao,Souza,Acme 12,ES
200,ana.silva200@gmail.com,Ana,Silva,Acme 13,BR
201,bruno.almeida201@outlook.com,Bruno,Almeida,Acme 14,US
202,carla.costa202@company.com,Carla,Costa,Acme 15,AU
203,diego.santos203@startup.com,Diego,Santos,Acme 16,DE
204,elisa.fernandes204@gmail.com,Elisa,Fernandes,Acme 17,PT
205,fabio.pereira205@outlook.com,Fabio,Pereira,Acme 18,AR
206,gabriela.oliveira206@company.com,Gabriela,Oliveira,Acme 19,MX
207,henrique.lima207@startup.com,Henrique,Lima,Acme 20,CA
208,isabela.ribeiro208@gmail.com,Isabela,Ribeiro,Acme 21,UK
209,joao.souza209@outlook.com,Joao,Souza,Acme 22,ES
210,ana.silva210@company.com,Ana,Silva,Acme 23,BR
211,bruno.almeida211@startup.com,Bruno,Almeida,Acme 24,US
212,carla.costa212@gmail.com,Carla,Costa,Acme 25,AU
213,diego.santos213@outlook.com,Diego,Santos,Acme 26,DE
214,elisa.fernandes214@company.com,Elisa,Fernandes,Acme 27,PT
215,fabio.pereira215@startup.com,Fabio,Pereira,Acme 28,AR
216,gabriela.oliveira216@gmail.com,Gabriela,Oliveira,Acme 29,MX
217,henrique.lima217@outlook.com,Henrique,Lima,Acme 30,CA
218,isabela.ribeiro218@company.com,Isabela,Ribeiro,Acme 31,UK
219,joao.souza219@startup.com,Joao,Souza,Acme 32,ES
220,ana.silva220@gmail.com,Ana,Silva,Acme 33,BR
221,bruno.almeida221@outlook.com,Bruno,Almeida,Acme 34,US
222,carla.costa222@company.com,Carla,Costa,Acme 35,AU
223,diego.santos223@startup.com,Diego,Santos,Acme 36,DE
224,elisa.fernandes224@gmail.com,Elisa,Fernandes,Acme 37,PT
225,fabio.pereira225@outlook.com,Fabio,Pereira,Acme 38,AR
226,gabriela.oliveira226@company.com,Gabriela,Oliveira,Acme 39,MX
227,henrique.lima227@startup.com,Henrique,Lima,Acme 40,CA
228,isabela.ribeiro228@gmail.com,Isabela,Ribeiro,Acme 41,UK
229,joao.souza229@outlook.com,Joao,Souza,Acme 42,ES
230,ana.silva230@company.com,Ana,Silva,Acme 43,BR
231,bruno.almeida231@startup.com,Bruno,Almeida,Acme 44,US
232,carla.costa232@gmail.com,Carla,Costa,Acme 45,AU
233,diego.santos233@outlook.com,Diego,Santos,Acme 46,DE
234,elisa.fernandes234@company.com,Elisa,Fernandes,Acme 47,PT
235,fabio.pereira235@startup.com,Fabio,Pereira,Acme 1,AR
236,gabriela.oliveira236@gmail.com,Gabriela,Oliveira,Acme 2,MX
237,henrique.lima237@outlook.com,Henrique,Lima,Acme 3,CA
238,isabela.ribeiro238@company.com,Isabela,Ribeiro,Acme 4,UK
239,joao.souza239@startup.com,Joao,Souza,Acme 5,ES
240,ana.silva240@gmail.com,Ana,Silva,Acme 6,BR
241,bruno.almeida241@outlook.com,Bruno,Almeida,Acme 7,US
242,carla.costa242@company.com,Carla,Costa,Acme 8,AU
243,diego.santos243@startup.com,Diego,Santos,Acme 9,DE
244,elisa.fernandes244@gmail.com,Elisa,Fernandes,Acme 10,PT
245,fabio.pereira245@outlook.com,Fabio,Pereira,Acme 11,AR
246,gabriela.oliveira246@company.com,Gabriela,Oliveira,Acme 12,MX
247,henrique.lima247@startup.com,Henrique,Lima,Acme 13,CA
248,isabela.ribeiro248@gmail.com,Isabela,Ribeiro,Acme 14,UK
249,joao.souza249@outlook.com,Joao,Souza,Acme 15,ES
250,ana.silva250@company.com,Ana,Silva,Acme 16,BR
251,bruno.almeida251@startup.com,Bruno,Almeida,Acme 17,US
252,carla.costa252@gmail.com,Carla,Costa,Acme 18,AU
253,diego.santos253@outlook.com,Diego,Santos,Acme 19,DE
254,elisa.fernandes254@company.com,Elisa,Fernandes,Acme 20,PT
255,fabio.pereira255@startup.com,Fabio,Pereira,Acme 21,AR
256,gabriela.oliveira256@gmail.com,Gabriela,Oliveira,Acme 22,MX
257,henrique.lima257@outlook.com,Henrique,Lima,Acme 23,CA
258,isabela.ribeiro258@company.com,Isabela,Ribeiro,Acme 24,UK
259,joao.souza259@startup.com,Joao,Souza,Acme 25,ES
260,ana.silva260@gmail.com,Ana,Silva,Acme 26,BR
261,bruno.almeida261@outlook.com,Bruno,Almeida,Acme 27,US
262,carla.costa262@company.com,Carla,Costa,Acme 28,AU
263,diego.santos263@startup.com,Diego,Santos,Acme 29,DE
264,elisa.fernandes264@gmail.com,Elisa,Fernandes,Acme 30,PT
265,fabio.pereira265@outlook.com,Fabio,Pereira,Acme 31,AR
266,gabriela.oliveira266@company.com,Gabriela,Oliveira,Acme 32,MX
267,henrique.lima267@startup.com,Henrique,Lima,Acme 33,CA
268,isabela.ribeiro268@gmail.com,Isabela,Ribeiro,Acme 34,UK
269,joao.souza269@outlook.com,Joao,Souza,Acme 35,ES
270,ana.silva270@company.com,Ana,Silva,Acme 36,BR
271,bruno.almeida271@startup.com,Bruno,Almeida,Acme 37,US
272,carla.costa272@gmail.com,Carla,Costa,Acme 38,AU
273,diego.santos273@outlook.com,Diego,Santos,Acme 39,DE
274,elisa.fernandes274@company.com,Elisa,Fernandes,Acme 40,PT
275,fabio.pereira275@startup.com,Fabio,Pereira,Acme 41,AR
276,gabriela.oliveira276@gmail.com,Gabriela,Oliveira,Acme 42,MX
277,henrique.lima277@outlook.com,Henrique,Lima,Acme 43,CA
278,isabela.ribeiro278@company.com,Isabela,Ribeiro,Acme 44,UK
279,joao.souza279@startup.com,Joao,Souza,Acme 45,ES
280,ana.silva280@gmail.com,Ana,Silva,Acme 46,BR
281,bruno.almeida281@outlook.com,Bruno,Almeida,Acme 47,US
282,carla.costa282@company.com,Carla,Costa,Acme 1,AU
283,diego.santos283@startup.com,Diego,Santos,Acme 2,DE
284,elisa.fernandes284@gmail.com,Elisa,Fernandes,Acme 3,PT
285,fabio.pereira285@outlook.com,Fabio,Pereira,Acme 4,AR
286,gabriela.oliveira286@company.com,Gabriela,Oliveira,Acme 5,MX
287,henrique.lima287@startup.com,Henrique,Lima,Acme 6,CA
288,isabela.ribeiro288@gmail.com,Isabela,Ribeiro,Acme 7,UK
289,joao.souza289@outlook.com,Joao,Souza,Acme 8,ES
290,ana.silva290@company.com,Ana,Silva,Acme 9,BR
291,bruno.almeida291@startup.com,Bruno,Almeida,Acme 10,US
292,carla.costa292@gmail.com,Carla,Costa,Acme 11,AU
293,diego.santos293@outlook.com,Diego,Santos,Acme 12,DE
294,elisa.fernandes294@company.com,Elisa,Fernandes,Acme 13,PT
295,fabio.pereira295@startup.com,Fabio,Pereira,Acme 14,AR
296,gabriela.oliveira296@gmail.com,Gabriela,Oliveira,Acme 15,MX
297,henrique.lima297@outlook.com,Henrique,Lima,Acme 16,CA
298,isabela.ribeiro298@company.com,Isabela,Ribeiro,Acme 17,UK
299,joao.souza299@startup.com,Joao,Souza,Acme 18,ES
300,ana.silva300@gmail.com,Ana,Silva,Acme 19,BR
301,bruno.almeida301@outlook.com,Bruno,Almeida,Acme 20,US
302,carla.costa302@company.com,Carla,Costa,Acme 21,AU
303,diego.santos303@startup.com,Diego,Santos,Acme 22,DE
304,elisa.fernandes304@gmail.com,Elisa,Fernandes,Acme 23,PT
305,fabio.pereira305@outlook.com,Fabio,Pereira,Acme 24,AR
306,gabriela.oliveira306@company.com,Gabriela,Oliveira,Acme 25,MX
307,henrique.lima307@startup.com,Henrique,Lima,Acme 26,CA
308,isabela.ribeiro308@gmail.com,Isabela,Ribeiro,Acme 27,UK
309,joao.souza309@outlook.com,Joao,Souza,Acme 28,ES
310,ana.silva310@company.com,Ana,Silva,Acme 29,BR
311,bruno.almeida311@startup.com,Bruno,Almeida,Acme 30,US
312,carla.costa312@gmail.com,Carla,Costa,Acme 31,AU
313,diego.santos313@outlook.com,Diego,Santos,Acme 32,DE
314,elisa.fernandes314@company.com,Elisa,Fernandes,Acme 33,PT
315,fabio.pereira315@startup.com,Fabio,Pereira,Acme 34,AR
316,gabriela.oliveira316@gmail.com,Gabriela,Oliveira,Acme 35,MX
317,henrique.lima317@outlook.com,Henrique,Lima,Acme 36,CA
318,isabela.ribeiro318@company.com,Isabela,Ribeiro,Acme 37,UK
319,joao.souza319@startup.com,Joao,Souza,Acme 38,ES
320,ana.silva320@gmail.com,Ana,Silva,Acme 39,BR
321,bruno.almeida321@outlook.com,Bruno,Almeida,Acme 40,US
322,carla.costa322@company.com,Carla,Costa,Acme 41,AU
323,diego.santos323@startup.com,Diego,Santos,Acme 42,DE
324,elisa.fernandes324@gmail.com,Elisa,Fernandes,Acme 43,PT
325,fabio.pereira325@outlook.com,Fabio,Pereira,Acme 44,AR
326,gabriela.oliveira326@company.com,Gabriela,Oliveira,Acme 45,MX
327,henrique.lima327@startup.com,Henrique,Lima,Acme 46,CA
328,isabela.ribeiro328@gmail.com,Isabela,Ribeiro,Acme 47,UK
329,joao.souza329@outlook.com,Joao,Souza,Acme 1,ES
330,ana.silva330@company.com,Ana,Silva,Acme 2,BR
331,bruno.almeida331@startup.com,Bruno,Almeida,Acme 3,US
332,carla.costa332@gmail.com,Carla,Costa,Acme 4,AU
333,diego.santos333@outlook.com,Diego,Santos,Acme 5,DE
334,elisa.fernandes334@company.com,Elisa,Fernandes,Acme 6,PT
335,fabio.pereira335@startup.com,Fabio,Pereira,Acme 7,AR
336,gabriela.oliveira336@gmail.com,Gabriela,Oliveira,Acme 8,MX
337,henrique.lima337@outlook.com,Henrique,Lima,Acme 9,CA
338,isabela.ribeiro338@company.com,Isabela,Ribeiro,Acme 10,UK
339,joao.souza339@startup.com,Joao,Souza,Acme 11,ES
340,ana.silva340@gmail.com,Ana,Silva,Acme 12,BR
341,bruno.almeida341@outlook.com,Bruno,Almeida,Acme 13,US
342,carla.costa342@company.com,Carla,Costa,Acme 14,AU
343,diego.santos343@startup.com,Diego,Santos,Acme 15,DE
344,elisa.fernandes344@gmail.com,Elisa,Fernandes,Acme 16,PT
345,fabio.pereira345@outlook.com,Fabio,Pereira,Acme 17,AR
346,gabriela.oliveira346@company.com,Gabriela,Oliveira,Acme 18,MX
347,henrique.lima347@startup.com,Henrique,Lima,Acme 19,CA
348,isabela.ribeiro348@gmail.com,Isabela,Ribeiro,Acme 20,UK
349,joao.souza349@outlook.com,Joao,Souza,Acme 21,ES
350,ana.silva350@company.com,Ana,Silva,Acme 22,BR
351,bruno.almeida351@startup.com,Bruno,Almeida,Acme 23,US
352,carla.costa352@gmail.com,Carla,Costa,Acme 24,AU
353,diego.santos353@outlook.com,Diego,Santos,Acme 25,DE
354,elisa.fernandes354@company.com,Elisa,Fernandes,Acme 26,PT
355,fabio.pereira355@startup.com,Fabio,Pereira,Acme 27,AR
356,gabriela.oliveira356@gmail.com,Gabriela,Oliveira,Acme 28,MX
357,henrique.lima357@outlook.com,Henrique,Lima,Acme 29,CA
358,isabela.ribeiro358@company.com,Isabela,Ribeiro,Acme 30,UK
359,joao.souza359@startup.com,Joao,Souza,Acme 31,ES
360,ana.silva360@gmail.com,Ana,Silva,Acme 32,BR
361,bruno.almeida361@outlook.com,Bruno,Almeida,Acme 33,US
362,carla.costa362@company.com,Carla,Costa,Acme 34,AU
363,diego.santos363@startup.com,Diego,Santos,Acme 35,DE
364,elisa.fernandes364@gmail.com,Elisa,Fernandes,Acme 36,PT
365,fabio.pereira365@outlook.com,Fabio,Pereira,Acme 37,AR
366,gabriela.oliveira366@company.com,Gabriela,Oliveira,Acme 38,MX
367,henrique.lima367@startup.com,Henrique,Lima,Acme 39,CA
368,isabela.ribeiro368@gmail.com,Isabela,Ribeiro,Acme 40,UK
369,joao.souza369@outlook.com,Joao,Souza,Acme 41,ES
370,ana.silva370@company.com,Ana,Silva,Acme 42,BR
371,bruno.almeida371@startup.com,Bruno,Almeida,Acme 43,US
372,carla.costa372@gmail.com,Carla,Costa,Acme 44,AU
373,diego.santos373@outlook.com,Diego,Santos,Acme 45,DE
374,elisa.fernandes374@company.com,Elisa,Fernandes,Acme 46,PT
375,fabio.pereira375@startup.com,Fabio,Pereira,Acme 47,AR
376,gabriela.oliveira376@gmail.com,Gabriela,Oliveira,Acme 1,MX
377,henrique.lima377@outlook.com,Henrique,Lima,Acme 2,CA
378,isabela.ribeiro378@company.com,Isabela,Ribeiro,Acme 3,UK
379,joao.souza379@startup.com,Joao,Souza,Acme 4,ES
380,ana.silva380@gmail.com,Ana,Silva,Acme 5,BR
381,bruno.almeida381@outlook.com,Bruno,Almeida,Acme 6,US
382,carla.costa382@company.com,Carla,Costa,Acme 7,AU
383,diego.santos383@startup.com,Diego,Santos,Acme 8,DE
384,elisa.fernandes384@gmail.com,Elisa,Fernandes,Acme 9,PT
385,fabio.pereira385@outlook.com,Fabio,Pereira,Acme 10,AR
386,gabriela.oliveira386@company.com,Gabriela,Oliveira,Acme 11,MX
387,henrique.lima387@startup.com,Henrique,Lima,Acme 12,CA
388,isabela.ribeiro388@gmail.com,Isabela,Ribeiro,Acme 13,UK
389,joao.souza389@outlook.com,Joao,Souza,Acme 14,ES
390,ana.silva390@company.com,Ana,Silva,Acme 15,BR
391,bruno.almeida391@startup.com,Bruno,Almeida,Acme 16,US
392,carla.costa392@gmail.com,Carla,Costa,Acme 17,AU
393,diego.santos393@outlook.com,Diego,Santos,Acme 18,DE
394,elisa.fernandes394@company.com,Elisa,Fernandes,Acme 19,PT
395,fabio.pereira395@startup.com,Fabio,Pereira,Acme 20,AR
396,gabriela.oliveira396@gmail.com,Gabriela,Oliveira,Acme 21,MX
397,henrique.lima397@outlook.com,Henrique,Lima,Acme 22,CA
398,isabela.ribeiro398@company.com,Isabela,Ribeiro,Acme 23,UK
399,joao.souza399@startup.com,Joao,Souza,Acme 24,ES
400,ana.silva400@gmail.com,Ana,Silva,Acme 25,BR
401,bruno.almeida401@outlook.com,Bruno,Almeida,Acme 26,US
402,carla.costa402@company.com,Carla,Costa,Acme 27,AU
403,diego.santos403@startup.com,Diego,Santos,Acme 28,DE
404,elisa.fernandes404@gmail.com,Elisa,Fernandes,Acme 29,PT
405,fabio.pereira405@outlook.com,Fabio,Pereira,Acme 30,AR
406,gabriela.oliveira406@company.com,Gabriela,Oliveira,Acme 31,MX
407,henrique.lima407@startup.com,Henrique,Lima,Acme 32,CA
408,isabela.ribeiro408@gmail.com,Isabela,Ribeiro,Acme 33,UK
409,joao.souza409@outlook.com,Joao,Souza,Acme 34,ES
410,ana.silva410@company.com,Ana,Silva,Acme 35,BR
411,bruno.almeida411@startup.com,Bruno,Almeida,Acme 36,US
412,carla.costa412@gmail.com,Carla,Costa,Acme 37,AU
413,diego.santos413@outlook.com,Diego,Santos,Acme 38,DE
414,elisa.fernandes414@company.com,Elisa,Fernandes,Acme 39,PT
415,fabio.pereira415@startup.com,Fabio,Pereira,Acme 40,AR
416,gabriela.oliveira416@gmail.com,Gabriela,Oliveira,Acme 41,MX
417,henrique.lima417@outlook.com,Henrique,Lima,Acme 42,CA
418,isabela.ribeiro418@company.com,Isabela,Ribeiro,Acme 43,UK
419,joao.souza419@startup.com,Joao,Souza,Acme 44,ES
420,ana.silva420@gmail.com,Ana,Silva,Acme 45,BR
421,bruno.almeida421@outlook.com,Bruno,Almeida,Acme 46,US
422,carla.costa422@company.com,Carla,Costa,Acme 47,AU
423,diego.santos423@startup.com,Diego,Santos,Acme 1,DE
424,elisa.fernandes424@gmail.com,Elisa,Fernandes,Acme 2,PT
425,fabio.pereira425@outlook.com,Fabio,Pereira,Acme 3,AR
426,gabriela.oliveira426@company.com,Gabriela,Oliveira,Acme 4,MX
427,henrique.lima427@startup.com,Henrique,Lima,Acme 5,CA
428,isabela.ribeiro428@gmail.com,Isabela,Ribeiro,Acme 6,UK
429,joao.souza429@outlook.com,Joao,Souza,Acme 7,ES
430,ana.silva430@company.com,Ana,Silva,Acme 8,BR
431,bruno.almeida431@startup.com,Bruno,Almeida,Acme 9,US
432,carla.costa432@gmail.com,Carla,Costa,Acme 10,AU
433,diego.santos433@outlook.com,Diego,Santos,Acme 11,DE
434,elisa.fernandes434@company.com,Elisa,Fernandes,Acme 12,PT
435,fabio.pereira435@startup.com,Fabio,Pereira,Acme 13,AR
436,gabriela.oliveira436@gmail.com,Gabriela,Oliveira,Acme 14,MX
437,henrique.lima437@outlook.com,Henrique,Lima,Acme 15,CA
438,isabela.ribeiro438@company.com,Isabela,Ribeiro,Acme 16,UK
439,joao.souza439@startup.com,Joao,Souza,Acme 17,ES
440,ana.silva440@gmail.com,Ana,Silva,Acme 18,BR
441,bruno.almeida441@outlook.com,Bruno,Almeida,Acme 19,US
442,carla.costa442@company.com,Carla,Costa,Acme 20,AU
443,diego.santos443@startup.com,Diego,Santos,Acme 21,DE
444,elisa.fernandes444@gmail.com,Elisa,Fernandes,Acme 22,PT
445,fabio.pereira445@outlook.com,Fabio,Pereira,Acme 23,AR
446,gabriela.oliveira446@company.com,Gabriela,Oliveira,Acme 24,MX
447,henrique.lima447@startup.com,Henrique,Lima,Acme 25,CA
448,isabela.ribeiro448@gmail.com,Isabela,Ribeiro,Acme 26,UK
449,joao.souza449@outlook.com,Joao,Souza,Acme 27,ES
450,ana.silva450@company.com,Ana,Silva,Acme 28,BR
451,bruno.almeida451@startup.com,Bruno,Almeida,Acme 29,US
452,carla.costa452@gmail.com,Carla,Costa,Acme 30,AU
453,diego.santos453@outlook.com,Diego,Santos,Acme 31,DE
454,elisa.fernandes454@company.com,Elisa,Fernandes,Acme 32,PT
455,fabio.pereira455@startup.com,Fabio,Pereira,Acme 33,AR
456,gabriela.oliveira456@gmail.com,Gabriela,Oliveira,Acme 34,MX
457,henrique.lima457@outlook.com,Henrique,Lima,Acme 35,CA
458,isabela.ribeiro458@company.com,Isabela,Ribeiro,Acme 36,UK
459,joao.souza459@startup.com,Joao,Souza,Acme 37,ES
460,ana.silva460@gmail.com,Ana,Silva,Acme 38,BR
461,bruno.almeida461@outlook.com,Bruno,Almeida,Acme 39,US
462,carla.costa462@company.com,Carla,Costa,Acme 40,AU
463,diego.santos463@startup.com,Diego,Santos,Acme 41,DE
464,elisa.fernandes464@gmail.com,Elisa,Fernandes,Acme 42,PT
465,fabio.pereira465@outlook.com,Fabio,Pereira,Acme 43,AR
466,gabriela.oliveira466@company.com,Gabriela,Oliveira,Acme 44,MX
467,henrique.lima467@startup.com,Henrique,Lima,Acme 45,CA
468,isabela.ribeiro468@gmail.com,Isabela,Ribeiro,Acme 46,UK
469,joao.souza469@outlook.com,Joao,Souza,Acme 47,ES
470,ana.silva470@company.com,Ana,Silva,Acme 1,BR
471,bruno.almeida471@startup.com,Bruno,Almeida,Acme 2,US
472,carla.costa472@gmail.com,Carla,Costa,Acme 3,AU
473,diego.santos473@outlook.com,Diego,Santos,Acme 4,DE
474,elisa.fernandes474@company.com,Elisa,Fernandes,Acme 5,PT
475,fabio.pereira475@startup.com,Fabio,Pereira,Acme 6,AR
476,gabriela.oliveira476@gmail.com,Gabriela,Oliveira,Acme 7,MX
477,henrique.lima477@outlook.com,Henrique,Lima,Acme 8,CA
478,isabela.ribeiro478@company.com,Isabela,Ribeiro,Acme 9,UK
479,joao.souza479@startup.com,Joao,Souza,Acme 10,ES
480,ana.silva480@gmail.com,Ana,Silva,Acme 11,BR
481,bruno.almeida481@outlook.com,Bruno,Almeida,Acme 12,US
482,carla.costa482@company.com,Carla,Costa,Acme 13,AU
483,diego.santos483@startup.com,Diego,Santos,Acme 14,DE
484,elisa.fernandes484@gmail.com,Elisa,Fernandes,Acme 15,PT
485,fabio.pereira485@outlook.com,Fabio,Pereira,Acme 16,AR
486,gabriela.oliveira486@company.com,Gabriela,Oliveira,Acme 17,MX
487,henrique.lima487@startup.com,Henrique,Lima,Acme 18,CA
488,isabela.ribeiro488@gmail.com,Isabela,Ribeiro,Acme 19,UK
489,joao.souza489@outlook.com,Joao,Souza,Acme 20,ES
490,ana.silva490@company.com,Ana,Silva,Acme 21,BR
491,bruno.almeida491@startup.com,Bruno,Almeida,Acme 22,US
492,carla.costa492@gmail.com,Carla,Costa,Acme 23,AU
493,diego.santos493@outlook.com,Diego,Santos,Acme 24,DE
494,elisa.fernandes494@company.com,Elisa,Fernandes,Acme 25,PT
495,fabio.pereira495@startup.com,Fabio,Pereira,Acme 26,AR
496,gabriela.oliveira496@gmail.com,Gabriela,Oliveira,Acme 27,MX
497,henrique.lima497@outlook.com,Henrique,Lima,Acme 28,CA
498,isabela.ribeiro498@company.com,Isabela,Ribeiro,Acme 29,UK
499,joao.souza499@startup.com,Joao,Souza,Acme 30,ES
500,ana.silva500@gmail.com,Ana,Silva,Acme 31,BR
501,bruno.almeida501@outlook.com,Bruno,Almeida,Acme 32,US
502,carla.costa502@company.com,Carla,Costa,Acme 33,AU
503,diego.santos503@startup.com,Diego,Santos,Acme 34,DE
504,elisa.fernandes504@gmail.com,Elisa,Fernandes,Acme 35,PT
505,fabio.pereira505@outlook.com,Fabio,Pereira,Acme 36,AR
506,gabriela.oliveira506@company.com,Gabriela,Oliveira,Acme 37,MX
507,henrique.lima507@startup.com,Henrique,Lima,Acme 38,CA
508,isabela.ribeiro508@gmail.com,Isabela,Ribeiro,Acme 39,UK
509,joao.souza509@outlook.com,Joao,Souza,Acme 40,ES
510,ana.silva510@company.com,Ana,Silva,Acme 41,BR
511,bruno.almeida511@startup.com,Bruno,Almeida,Acme 42,US
512,carla.costa512@gmail.com,Carla,Costa,Acme 43,AU
513,diego.santos513@outlook.com,Diego,Santos,Acme 44,DE
514,elisa.fernandes514@company.com,Elisa,Fernandes,Acme 45,PT
515,fabio.pereira515@startup.com,Fabio,Pereira,Acme 46,AR
516,gabriela.oliveira516@gmail.com,Gabriela,Oliveira,Acme 47,MX
517,henrique.lima517@outlook.com,Henrique,Lima,Acme 1,CA
518,isabela.ribeiro518@company.com,Isabela,Ribeiro,Acme 2,UK
519,joao.souza519@startup.com,Joao,Souza,Acme 3,ES
520,ana.silva520@gmail.com,Ana,Silva,Acme 4,BR
521,bruno.almeida521@outlook.com,Bruno,Almeida,Acme 5,US
522,carla.costa522@company.com,Carla,Costa,Acme 6,AU
523,diego.santos523@startup.com,Diego,Santos,Acme 7,DE
524,elisa.fernandes524@gmail.com,Elisa,Fernandes,Acme 8,PT
525,fabio.pereira525@outlook.com,Fabio,Pereira,Acme 9,AR
526,gabriela.oliveira526@company.com,Gabriela,Oliveira,Acme 10,MX
527,henrique.lima527@startup.com,Henrique,Lima,Acme 11,CA
528,isabela.ribeiro528@gmail.com,Isabela,Ribeiro,Acme 12,UK
529,joao.souza529@outlook.com,Joao,Souza,Acme 13,ES
530,ana.silva530@company.com,Ana,Silva,Acme 14,BR
531,bruno.almeida531@startup.com,Bruno,Almeida,Acme 15,US
532,carla.costa532@gmail.com,Carla,Costa,Acme 16,AU
533,diego.santos533@outlook.com,Diego,Santos,Acme 17,DE
534,elisa.fernandes534@company.com,Elisa,Fernandes,Acme 18,PT
535,fabio.pereira535@startup.com,Fabio,Pereira,Acme 19,AR
536,gabriela.oliveira536@gmail.com,Gabriela,Oliveira,Acme 20,MX
537,henrique.lima537@outlook.com,Henrique,Lima,Acme 21,CA
538,isabela.ribeiro538@company.com,Isabela,Ribeiro,Acme 22,UK
539,joao.souza539@startup.com,Joao,Souza,Acme 23,ES
540,ana.silva540@gmail.com,Ana,Silva,Acme 24,BR
541,bruno.almeida541@outlook.com,Bruno,Almeida,Acme 25,US
542,carla.costa542@company.com,Carla,Costa,Acme 26,AU
543,diego.santos543@startup.com,Diego,Santos,Acme 27,DE
544,elisa.fernandes544@gmail.com,Elisa,Fernandes,Acme 28,PT
545,fabio.pereira545@outlook.com,Fabio,Pereira,Acme 29,AR
546,gabriela.oliveira546@company.com,Gabriela,Oliveira,Acme 30,MX
547,henrique.lima547@startup.com,Henrique,Lima,Acme 31,CA
548,isabela.ribeiro548@gmail.com,Isabela,Ribeiro,Acme 32,UK
549,joao.souza549@outlook.com,Joao,Souza,Acme 33,ES
550,ana.silva550@company.com,Ana,Silva,Acme 34,BR
551,bruno.almeida551@startup.com,Bruno,Almeida,Acme 35,US
552,carla.costa552@gmail.com,Carla,Costa,Acme 36,AU
553,diego.santos553@outlook.com,Diego,Santos,Acme 37,DE
554,elisa.fernandes554@company.com,Elisa,Fernandes,Acme 38,PT
555,fabio.pereira555@startup.com,Fabio,Pereira,Acme 39,AR
556,gabriela.oliveira556@gmail.com,Gabriela,Oliveira,Acme 40,MX
557,henrique.lima557@outlook.com,Henrique,Lima,Acme 41,CA
558,isabela.ribeiro558@company.com,Isabela,Ribeiro,Acme 42,UK
559,joao.souza559@startup.com,Joao,Souza,Acme 43,ES
560,ana.silva560@gmail.com,Ana,Silva,Acme 44,BR
561,bruno.almeida561@outlook.com,Bruno,Almeida,Acme 45,US
562,carla.costa562@company.com,Carla,Costa,Acme 46,AU
563,diego.santos563@startup.com,Diego,Santos,Acme 47,DE
564,elisa.fernandes564@gmail.com,Elisa,Fernandes,Acme 1,PT
565,fabio.pereira565@outlook.com,Fabio,Pereira,Acme 2,AR
566,gabriela.oliveira566@company.com,Gabriela,Oliveira,Acme 3,MX
567,henrique.lima567@startup.com,Henrique,Lima,Acme 4,CA
568,isabela.ribeiro568@gmail.com,Isabela,Ribeiro,Acme 5,UK
569,joao.souza569@outlook.com,Joao,Souza,Acme 6,ES
570,ana.silva570@company.com,Ana,Silva,Acme 7,BR
571,bruno.almeida571@startup.com,Bruno,Almeida,Acme 8,US
572,carla.costa572@gmail.com,Carla,Costa,Acme 9,AU
573,diego.santos573@outlook.com,Diego,Santos,Acme 10,DE
574,elisa.fernandes574@company.com,Elisa,Fernandes,Acme 11,PT
575,fabio.pereira575@startup.com,Fabio,Pereira,Acme 12,AR
576,gabriela.oliveira576@gmail.com,Gabriela,Oliveira,Acme 13,MX
577,henrique.lima577@outlook.com,Henrique,Lima,Acme 14,CA
578,isabela.ribeiro578@company.com,Isabela,Ribeiro,Acme 15,UK
579,joao.souza579@startup.com,Joao,Souza,Acme 16,ES
580,ana.silva580@gmail.com,Ana,Silva,Acme 17,BR
581,bruno.almeida581@outlook.com,Bruno,Almeida,Acme 18,US
582,carla.costa582@company.com,Carla,Costa,Acme 19,AU
583,diego.santos583@startup.com,Diego,Santos,Acme 20,DE
584,elisa.fernandes584@gmail.com,Elisa,Fernandes,Acme 21,PT
585,fabio.pereira585@outlook.com,Fabio,Pereira,Acme 22,AR
586,gabriela.oliveira586@company.com,Gabriela,Oliveira,Acme 23,MX
587,henrique.lima587@startup.com,Henrique,Lima,Acme 24,CA
588,isabela.ribeiro588@gmail.com,Isabela,Ribeiro,Acme 25,UK
589,joao.souza589@outlook.com,Joao,Souza,Acme 26,ES
590,ana.silva590@company.com,Ana,Silva,Acme 27,BR
591,bruno.almeida591@startup.com,Bruno,Almeida,Acme 28,US
592,carla.costa592@gmail.com,Carla,Costa,Acme 29,AU
593,diego.santos593@outlook.com,Diego,Santos,Acme 30,DE
594,elisa.fernandes594@company.com,Elisa,Fernandes,Acme 31,PT
595,fabio.pereira595@startup.com,Fabio,Pereira,Acme 32,AR
596,gabriela.oliveira596@gmail.com,Gabriela,Oliveira,Acme 33,MX
597,henrique.lima597@outlook.com,Henrique,Lima,Acme 34,CA
598,isabela.ribeiro598@company.com,Isabela,Ribeiro,Acme 35,UK
599,joao.souza599@startup.com,Joao,Souza,Acme 36,ES
600,ana.silva600@gmail.com,Ana,Silva,Acme 37,BR
601,bruno.almeida601@outlook.com,Bruno,Almeida,Acme 38,US
602,carla.costa602@company.com,Carla,Costa,Acme 39,AU
603,diego.santos603@startup.com,Diego,Santos,Acme 40,DE
604,elisa.fernandes604@gmail.com,Elisa,Fernandes,Acme 41,PT
605,fabio.pereira605@outlook.com,Fabio,Pereira,Acme 42,AR
606,gabriela.oliveira606@company.com,Gabriela,Oliveira,Acme 43,MX
607,henrique.lima607@startup.com,Henrique,Lima,Acme 44,CA
608,isabela.ribeiro608@gmail.com,Isabela,Ribeiro,Acme 45,UK
609,joao.souza609@outlook.com,Joao,Souza,Acme 46,ES
610,ana.silva610@company.com,Ana,Silva,Acme 47,BR
611,bruno.almeida611@startup.com,Bruno,Almeida,Acme 1,US
612,carla.costa612@gmail.com,Carla,Costa,Acme 2,AU
613,diego.santos613@outlook.com,Diego,Santos,Acme 3,DE
614,elisa.fernandes614@company.com,Elisa,Fernandes,Acme 4,PT
615,fabio.pereira615@startup.com,Fabio,Pereira,Acme 5,AR
616,gabriela.oliveira616@gmail.com,Gabriela,Oliveira,Acme 6,MX
617,henrique.lima617@outlook.com,Henrique,Lima,Acme 7,CA
618,isabela.ribeiro618@company.com,Isabela,Ribeiro,Acme 8,UK
619,joao.souza619@startup.com,Joao,Souza,Acme 9,ES
620,ana.silva620@gmail.com,Ana,Silva,Acme 10,BR
621,bruno.almeida621@outlook.com,Bruno,Almeida,Acme 11,US
622,carla.costa622@company.com,Carla,Costa,Acme 12,AU
623,diego.santos623@startup.com,Diego,Santos,Acme 13,DE
624,elisa.fernandes624@gmail.com,Elisa,Fernandes,Acme 14,PT
625,fabio.pereira625@outlook.com,Fabio,Pereira,Acme 15,AR
626,gabriela.oliveira626@company.com,Gabriela,Oliveira,Acme 16,MX
627,henrique.lima627@startup.com,Henrique,Lima,Acme 17,CA
628,isabela.ribeiro628@gmail.com,Isabela,Ribeiro,Acme 18,UK
629,joao.souza629@outlook.com,Joao,Souza,Acme 19,ES
630,ana.silva630@company.com,Ana,Silva,Acme 20,BR
631,bruno.almeida631@startup.com,Bruno,Almeida,Acme 21,US
632,carla.costa632@gmail.com,Carla,Costa,Acme 22,AU
633,diego.santos633@outlook.com,Diego,Santos,Acme 23,DE
634,elisa.fernandes634@company.com,Elisa,Fernandes,Acme 24,PT
635,fabio.pereira635@startup.com,Fabio,Pereira,Acme 25,AR
636,gabriela.oliveira636@gmail.com,Gabriela,Oliveira,Acme 26,MX
637,henrique.lima637@outlook.com,Henrique,Lima,Acme 27,CA
638,isabela.ribeiro638@company.com,Isabela,Ribeiro,Acme 28,UK
639,joao.souza639@startup.com,Joao,Souza,Acme 29,ES
640,ana.silva640@gmail.com,Ana,Silva,Acme 30,BR
641,bruno.almeida641@outlook.com,Bruno,Almeida,Acme 31,US
642,carla.costa642@company.com,Carla,Costa,Acme 32,AU
643,diego.santos643@startup.com,Diego,Santos,Acme 33,DE
644,elisa.fernandes644@gmail.com,Elisa,Fernandes,Acme 34,PT
645,fabio.pereira645@outlook.com,Fabio,Pereira,Acme 35,AR
646,gabriela.oliveira646@company.com,Gabriela,Oliveira,Acme 36,MX
647,henrique.lima647@startup.com,Henrique,Lima,Acme 37,CA
648,isabela.ribeiro648@gmail.com,Isabela,Ribeiro,Acme 38,UK
649,joao.souza649@outlook.com,Joao,Souza,Acme 39,ES
650,ana.silva650@company.com,Ana,Silva,Acme 40,BR
651,bruno.almeida651@startup.com,Bruno,Almeida,Acme 41,US
652,carla.costa652@gmail.com,Carla,Costa,Acme 42,AU
653,diego.santos653@outlook.com,Diego,Santos,Acme 43,DE
654,elisa.fernandes654@company.com,Elisa,Fernandes,Acme 44,PT
655,fabio.pereira655@startup.com,Fabio,Pereira,Acme 45,AR
656,gabriela.oliveira656@gmail.com,Gabriela,Oliveira,Acme 46,MX
657,henrique.lima657@outlook.com,Henrique,Lima,Acme 47,CA
658,isabela.ribeiro658@company.com,Isabela,Ribeiro,Acme 1,UK
659,joao.souza659@startup.com,Joao,Souza,Acme 2,ES
660,ana.silva660@gmail.com,Ana,Silva,Acme 3,BR
661,bruno.almeida661@outlook.com,Bruno,Almeida,Acme 4,US
662,carla.costa662@company.com,Carla,Costa,Acme 5,AU
663,diego.santos663@startup.com,Diego,Santos,Acme 6,DE
664,elisa.fernandes664@gmail.com,Elisa,Fernandes,Acme 7,PT
665,fabio.pereira665@outlook.com,Fabio,Pereira,Acme 8,AR
666,gabriela.oliveira666@company.com,Gabriela,Oliveira,Acme 9,MX
667,henrique.lima667@startup.com,Henrique,Lima,Acme 10,CA
668,isabela.ribeiro668@gmail.com,Isabela,Ribeiro,Acme 11,UK
669,joao.souza669@outlook.com,Joao,Souza,Acme 12,ES
670,ana.silva670@company.com,Ana,Silva,Acme 13,BR
671,bruno.almeida671@startup.com,Bruno,Almeida,Acme 14,US
672,carla.costa672@gmail.com,Carla,Costa,Acme 15,AU
673,diego.santos673@outlook.com,Diego,Santos,Acme 16,DE
674,elisa.fernandes674@company.com,Elisa,Fernandes,Acme 17,PT
675,fabio.pereira675@startup.com,Fabio,Pereira,Acme 18,AR
676,gabriela.oliveira676@gmail.com,Gabriela,Oliveira,Acme 19,MX
677,henrique.lima677@outlook.com,Henrique,Lima,Acme 20,CA
678,isabela.ribeiro678@company.com,Isabela,Ribeiro,Acme 21,UK
679,joao.souza679@startup.com,Joao,Souza,Acme 22,ES
680,ana.silva680@gmail.com,Ana,Silva,Acme 23,BR
681,bruno.almeida681@outlook.com,Bruno,Almeida,Acme 24,US
682,carla.costa682@company.com,Carla,Costa,Acme 25,AU
683,diego.santos683@startup.com,Diego,Santos,Acme 26,DE
684,elisa.fernandes684@gmail.com,Elisa,Fernandes,Acme 27,PT
685,fabio.pereira685@outlook.com,Fabio,Pereira,Acme 28,AR
686,gabriela.oliveira686@company.com,Gabriela,Oliveira,Acme 29,MX
687,henrique.lima687@startup.com,Henrique,Lima,Acme 30,CA
688,isabela.ribeiro688@gmail.com,Isabela,Ribeiro,Acme 31,UK
689,joao.souza689@outlook.com,Joao,Souza,Acme 32,ES
690,ana.silva690@company.com,Ana,Silva,Acme 33,BR
691,bruno.almeida691@startup.com,Bruno,Almeida,Acme 34,US
692,carla.costa692@gmail.com,Carla,Costa,Acme 35,AU
693,diego.santos693@outlook.com,Diego,Santos,Acme 36,DE
694,elisa.fernandes694@company.com,Elisa,Fernandes,Acme 37,PT
695,fabio.pereira695@startup.com,Fabio,Pereira,Acme 38,AR
696,gabriela.oliveira696@gmail.com,Gabriela,Oliveira,Acme 39,MX
697,henrique.lima697@outlook.com,Henrique,Lima,Acme 40,CA
698,isabela.ribeiro698@company.com,Isabela,Ribeiro,Acme 41,UK
699,joao.souza699@startup.com,Joao,Souza,Acme 42,ES
700,ana.silva700@gmail.com,Ana,Silva,Acme 43,BR
701,bruno.almeida701@outlook.com,Bruno,Almeida,Acme 44,US
702,carla.costa702@company.com,Carla,Costa,Acme 45,AU
703,diego.santos703@startup.com,Diego,Santos,Acme 46,DE
704,elisa.fernandes704@gmail.com,Elisa,Fernandes,Acme 47,PT
705,fabio.pereira705@outlook.com,Fabio,Pereira,Acme 1,AR
706,gabriela.oliveira706@company.com,Gabriela,Oliveira,Acme 2,MX
707,henrique.lima707@startup.com,Henrique,Lima,Acme 3,CA
708,isabela.ribeiro708@gmail.com,Isabela,Ribeiro,Acme 4,UK
709,joao.souza709@outlook.com,Joao,Souza,Acme 5,ES
710,ana.silva710@company.com,Ana,Silva,Acme 6,BR
711,bruno.almeida711@startup.com,Bruno,Almeida,Acme 7,US
712,carla.costa712@gmail.com,Carla,Costa,Acme 8,AU
713,diego.santos713@outlook.com,Diego,Santos,Acme 9,DE
714,elisa.fernandes714@company.com,Elisa,Fernandes,Acme 10,PT
715,fabio.pereira715@startup.com,Fabio,Pereira,Acme 11,AR
716,gabriela.oliveira716@gmail.com,Gabriela,Oliveira,Acme 12,MX
717,henrique.lima717@outlook.com,Henrique,Lima,Acme 13,CA
718,isabela.ribeiro718@company.com,Isabela,Ribeiro,Acme 14,UK
719,joao.souza719@startup.com,Joao,Souza,Acme 15,ES
720,ana.silva720@gmail.com,Ana,Silva,Acme 16,BR
721,bruno.almeida721@outlook.com,Bruno,Almeida,Acme 17,US
722,carla.costa722@company.com,Carla,Costa,Acme 18,AU
723,diego.santos723@startup.com,Diego,Santos,Acme 19,DE
724,elisa.fernandes724@gmail.com,Elisa,Fernandes,Acme 20,PT
725,fabio.pereira725@outlook.com,Fabio,Pereira,Acme 21,AR
726,gabriela.oliveira726@company.com,Gabriela,Oliveira,Acme 22,MX
727,henrique.lima727@startup.com,Henrique,Lima,Acme 23,CA
728,isabela.ribeiro728@gmail.com,Isabela,Ribeiro,Acme 24,UK
729,joao.souza729@outlook.com,Joao,Souza,Acme 25,ES
730,ana.silva730@company.com,Ana,Silva,Acme 26,BR
731,bruno.almeida731@startup.com,Bruno,Almeida,Acme 27,US
732,carla.costa732@gmail.com,Carla,Costa,Acme 28,AU
733,diego.santos733@outlook.com,Diego,Santos,Acme 29,DE
734,elisa.fernandes734@company.com,Elisa,Fernandes,Acme 30,PT
735,fabio.pereira735@startup.com,Fabio,Pereira,Acme 31,AR
736,gabriela.oliveira736@gmail.com,Gabriela,Oliveira,Acme 32,MX
737,henrique.lima737@outlook.com,Henrique,Lima,Acme 33,CA
738,isabela.ribeiro738@company.com,Isabela,Ribeiro,Acme 34,UK
739,joao.souza739@startup.com,Joao,Souza,Acme 35,ES
740,ana.silva740@gmail.com,Ana,Silva,Acme 36,BR
741,bruno.almeida741@outlook.com,Bruno,Almeida,Acme 37,US
742,carla.costa742@company.com,Carla,Costa,Acme 38,AU
743,diego.santos743@startup.com,Diego,Santos,Acme 39,DE
744,elisa.fernandes744@gmail.com,Elisa,Fernandes,Acme 40,PT
745,fabio.pereira745@outlook.com,Fabio,Pereira,Acme 41,AR
746,gabriela.oliveira746@company.com,Gabriela,Oliveira,Acme 42,MX
747,henrique.lima747@startup.com,Henrique,Lima,Acme 43,CA
748,isabela.ribeiro748@gmail.com,Isabela,Ribeiro,Acme 44,UK
749,joao.souza749@outlook.com,Joao,Souza,Acme 45,ES
750,ana.silva750@company.com,Ana,Silva,Acme 46,BR
751,bruno.almeida751@startup.com,Bruno,Almeida,Acme 47,US
752,carla.costa752@gmail.com,Carla,Costa,Acme 1,AU
753,diego.santos753@outlook.com,Diego,Santos,Acme 2,DE
754,elisa.fernandes754@company.com,Elisa,Fernandes,Acme 3,PT
755,fabio.pereira755@startup.com,Fabio,Pereira,Acme 4,AR
756,gabriela.oliveira756@gmail.com,Gabriela,Oliveira,Acme 5,MX
757,henrique.lima757@outlook.com,Henrique,Lima,Acme 6,CA
758,isabela.ribeiro758@company.com,Isabela,Ribeiro,Acme 7,UK
759,joao.souza759@startup.com,Joao,Souza,Acme 8,ES
760,ana.silva760@gmail.com,Ana,Silva,Acme 9,BR
761,bruno.almeida761@outlook.com,Bruno,Almeida,Acme 10,US
762,carla.costa762@company.com,Carla,Costa,Acme 11,AU
763,diego.santos763@startup.com,Diego,Santos,Acme 12,DE
764,elisa.fernandes764@gmail.com,Elisa,Fernandes,Acme 13,PT
765,fabio.pereira765@outlook.com,Fabio,Pereira,Acme 14,AR
766,gabriela.oliveira766@company.com,Gabriela,Oliveira,Acme 15,MX
767,henrique.lima767@startup.com,Henrique,Lima,Acme 16,CA
768,isabela.ribeiro768@gmail.com,Isabela,Ribeiro,Acme 17,UK
769,joao.souza769@outlook.com,Joao,Souza,Acme 18,ES
770,ana.silva770@company.com,Ana,Silva,Acme 19,BR
771,bruno.almeida771@startup.com,Bruno,Almeida,Acme 20,US
772,carla.costa772@gmail.com,Carla,Costa,Acme 21,AU
773,diego.santos773@outlook.com,Diego,Santos,Acme 22,DE
774,elisa.fernandes774@company.com,Elisa,Fernandes,Acme 23,PT
775,fabio.pereira775@startup.com,Fabio,Pereira,Acme 24,AR
776,gabriela.oliveira776@gmail.com,Gabriela,Oliveira,Acme 25,MX
777,henrique.lima777@outlook.com,Henrique,Lima,Acme 26,CA
778,isabela.ribeiro778@company.com,Isabela,Ribeiro,Acme 27,UK
779,joao.souza779@startup.com,Joao,Souza,Acme 28,ES
780,ana.silva780@gmail.com,Ana,Silva,Acme 29,BR
781,bruno.almeida781@outlook.com,Bruno,Almeida,Acme 30,US
782,carla.costa782@company.com,Carla,Costa,Acme 31,AU
783,diego.santos783@startup.com,Diego,Santos,Acme 32,DE
784,elisa.fernandes784@gmail.com,Elisa,Fernandes,Acme 33,PT
785,fabio.pereira785@outlook.com,Fabio,Pereira,Acme 34,AR
786,gabriela.oliveira786@company.com,Gabriela,Oliveira,Acme 35,MX
787,henrique.lima787@startup.com,Henrique,Lima,Acme 36,CA
788,isabela.ribeiro788@gmail.com,Isabela,Ribeiro,Acme 37,UK
789,joao.souza789@outlook.com,Joao,Souza,Acme 38,ES
790,ana.silva790@company.com,Ana,Silva,Acme 39,BR
791,bruno.almeida791@startup.com,Bruno,Almeida,Acme 40,US
792,carla.costa792@gmail.com,Carla,Costa,Acme 41,AU
793,diego.santos793@outlook.com,Diego,Santos,Acme 42,DE
794,elisa.fernandes794@company.com,Elisa,Fernandes,Acme 43,PT
795,fabio.pereira795@startup.com,Fabio,Pereira,Acme 44,AR
796,gabriela.oliveira796@gmail.com,Gabriela,Oliveira,Acme 45,MX
797,henrique.lima797@outlook.com,Henrique,Lima,Acme 46,CA
798,isabela.ribeiro798@company.com,Isabela,Ribeiro,Acme 47,UK
799,joao.souza799@startup.com,Joao,Souza,Acme 1,ES
800,ana.silva800@gmail.com,Ana,Silva,Acme 2,BR
801,bruno.almeida801@outlook.com,Bruno,Almeida,Acme 3,US
802,carla.costa802@company.com,Carla,Costa,Acme 4,AU
803,diego.santos803@startup.com,Diego,Santos,Acme 5,DE
804,elisa.fernandes804@gmail.com,Elisa,Fernandes,Acme 6,PT
805,fabio.pereira805@outlook.com,Fabio,Pereira,Acme 7,AR
806,gabriela.oliveira806@company.com,Gabriela,Oliveira,Acme 8,MX
807,henrique.lima807@startup.com,Henrique,Lima,Acme 9,CA
808,isabela.ribeiro808@gmail.com,Isabela,Ribeiro,Acme 10,UK
809,joao.souza809@outlook.com,Joao,Souza,Acme 11,ES
810,ana.silva810@company.com,Ana,Silva,Acme 12,BR
811,bruno.almeida811@startup.com,Bruno,Almeida,Acme 13,US
812,carla.costa812@gmail.com,Carla,Costa,Acme 14,AU
813,diego.santos813@outlook.com,Diego,Santos,Acme 15,DE
814,elisa.fernandes814@company.com,Elisa,Fernandes,Acme 16,PT
815,fabio.pereira815@startup.com,Fabio,Pereira,Acme 17,AR
816,gabriela.oliveira816@gmail.com,Gabriela,Oliveira,Acme 18,MX
817,henrique.lima817@outlook.com,Henrique,Lima,Acme 19,CA
818,isabela.ribeiro818@company.com,Isabela,Ribeiro,Acme 20,UK
819,joao.souza819@startup.com,Joao,Souza,Acme 21,ES
820,ana.silva820@gmail.com,Ana,Silva,Acme 22,BR
821,bruno.almeida821@outlook.com,Bruno,Almeida,Acme 23,US
822,carla.costa822@company.com,Carla,Costa,Acme 24,AU
823,diego.santos823@startup.com,Diego,Santos,Acme 25,DE
824,elisa.fernandes824@gmail.com,Elisa,Fernandes,Acme 26,PT
825,fabio.pereira825@outlook.com,Fabio,Pereira,Acme 27,AR
826,gabriela.oliveira826@company.com,Gabriela,Oliveira,Acme 28,MX
827,henrique.lima827@startup.com,Henrique,Lima,Acme 29,CA
828,isabela.ribeiro828@gmail.com,Isabela,Ribeiro,Acme 30,UK
829,joao.souza829@outlook.com,Joao,Souza,Acme 31,ES
830,ana.silva830@company.com,Ana,Silva,Acme 32,BR
831,bruno.almeida831@startup.com,Bruno,Almeida,Acme 33,US
832,carla.costa832@gmail.com,Carla,Costa,Acme 34,AU
833,diego.santos833@outlook.com,Diego,Santos,Acme 35,DE
834,elisa.fernandes834@company.com,Elisa,Fernandes,Acme 36,PT
835,fabio.pereira835@startup.com,Fabio,Pereira,Acme 37,AR
836,gabriela.oliveira836@gmail.com,Gabriela,Oliveira,Acme 38,MX
837,henrique.lima837@outlook.com,Henrique,Lima,Acme 39,CA
838,isabela.ribeiro838@company.com,Isabela,Ribeiro,Acme 40,UK
839,joao.souza839@startup.com,Joao,Souza,Acme 41,ES
840,ana.silva840@gmail.com,Ana,Silva,Acme 42,BR
841,bruno.almeida841@outlook.com,Bruno,Almeida,Acme 43,US
842,carla.costa842@company.com,Carla,Costa,Acme 44,AU
843,diego.santos843@startup.com,Diego,Santos,Acme 45,DE
844,elisa.fernandes844@gmail.com,Elisa,Fernandes,Acme 46,PT
845,fabio.pereira845@outlook.com,Fabio,Pereira,Acme 47,AR
846,gabriela.oliveira846@company.com,Gabriela,Oliveira,Acme 1,MX
847,henrique.lima847@startup.com,Henrique,Lima,Acme 2,CA
848,isabela.ribeiro848@gmail.com,Isabela,Ribeiro,Acme 3,UK
849,joao.souza849@outlook.com,Joao,Souza,Acme 4,ES
850,ana.silva850@company.com,Ana,Silva,Acme 5,BR
851,bruno.almeida851@startup.com,Bruno,Almeida,Acme 6,US
852,carla.costa852@gmail.com,Carla,Costa,Acme 7,AU
853,diego.santos853@outlook.com,Diego,Santos,Acme 8,DE
854,elisa.fernandes854@company.com,Elisa,Fernandes,Acme 9,PT
855,fabio.pereira855@startup.com,Fabio,Pereira,Acme 10,AR
856,gabriela.oliveira856@gmail.com,Gabriela,Oliveira,Acme 11,MX
857,henrique.lima857@outlook.com,Henrique,Lima,Acme 12,CA
858,isabela.ribeiro858@company.com,Isabela,Ribeiro,Acme 13,UK
859,joao.souza859@startup.com,Joao,Souza,Acme 14,ES
860,ana.silva860@gmail.com,Ana,Silva,Acme 15,BR
861,bruno.almeida861@outlook.com,Bruno,Almeida,Acme 16,US
862,carla.costa862@company.com,Carla,Costa,Acme 17,AU
863,diego.santos863@startup.com,Diego,Santos,Acme 18,DE
864,elisa.fernandes864@gmail.com,Elisa,Fernandes,Acme 19,PT
865,fabio.pereira865@outlook.com,Fabio,Pereira,Acme 20,AR
866,gabriela.oliveira866@company.com,Gabriela,Oliveira,Acme 21,MX
867,henrique.lima867@startup.com,Henrique,Lima,Acme 22,CA
868,isabela.ribeiro868@gmail.com,Isabela,Ribeiro,Acme 23,UK
869,joao.souza869@outlook.com,Joao,Souza,Acme 24,ES
870,ana.silva870@company.com,Ana,Silva,Acme 25,BR
871,bruno.almeida871@startup.com,Bruno,Almeida,Acme 26,US
872,carla.costa872@gmail.com,Carla,Costa,Acme 27,AU
873,diego.santos873@outlook.com,Diego,Santos,Acme 28,DE
874,elisa.fernandes874@company.com,Elisa,Fernandes,Acme 29,PT
875,fabio.pereira875@startup.com,Fabio,Pereira,Acme 30,AR
876,gabriela.oliveira876@gmail.com,Gabriela,Oliveira,Acme 31,MX
877,henrique.lima877@outlook.com,Henrique,Lima,Acme 32,CA
878,isabela.ribeiro878@company.com,Isabela,Ribeiro,Acme 33,UK
879,joao.souza879@startup.com,Joao,Souza,Acme 34,ES
880,ana.silva880@gmail.com,Ana,Silva,Acme 35,BR
881,bruno.almeida881@outlook.com,Bruno,Almeida,Acme 36,US
882,carla.costa882@company.com,Carla,Costa,Acme 37,AU
883,diego.santos883@startup.com,Diego,Santos,Acme 38,DE
884,elisa.fernandes884@gmail.com,Elisa,Fernandes,Acme 39,PT
885,fabio.pereira885@outlook.com,Fabio,Pereira,Acme 40,AR
886,gabriela.oliveira886@company.com,Gabriela,Oliveira,Acme 41,MX
887,henrique.lima887@startup.com,Henrique,Lima,Acme 42,CA
888,isabela.ribeiro888@gmail.com,Isabela,Ribeiro,Acme 43,UK
889,joao.souza889@outlook.com,Joao,Souza,Acme 44,ES
890,ana.silva890@company.com,Ana,Silva,Acme 45,BR
891,bruno.almeida891@startup.com,Bruno,Almeida,Acme 46,US
892,carla.costa892@gmail.com,Carla,Costa,Acme 47,AU
893,diego.santos893@outlook.com,Diego,Santos,Acme 1,DE
894,elisa.fernandes894@company.com,Elisa,Fernandes,Acme 2,PT
895,fabio.pereira895@startup.com,Fabio,Pereira,Acme 3,AR
896,gabriela.oliveira896@gmail.com,Gabriela,Oliveira,Acme 4,MX
897,henrique.lima897@outlook.com,Henrique,Lima,Acme 5,CA
898,isabela.ribeiro898@company.com,Isabela,Ribeiro,Acme 6,UK
899,joao.souza899@startup.com,Joao,Souza,Acme 7,ES
900,ana.silva900@gmail.com,Ana,Silva,Acme 8,BR
901,bruno.almeida901@outlook.com,Bruno,Almeida,Acme 9,US
902,carla.costa902@company.com,Carla,Costa,Acme 10,AU
903,diego.santos903@startup.com,Diego,Santos,Acme 11,DE
904,elisa.fernandes904@gmail.com,Elisa,Fernandes,Acme 12,PT
905,fabio.pereira905@outlook.com,Fabio,Pereira,Acme 13,AR
906,gabriela.oliveira906@company.com,Gabriela,Oliveira,Acme 14,MX
907,henrique.lima907@startup.com,Henrique,Lima,Acme 15,CA
908,isabela.ribeiro908@gmail.com,Isabela,Ribeiro,Acme 16,UK
909,joao.souza909@outlook.com,Joao,Souza,Acme 17,ES
910,ana.silva910@company.com,Ana,Silva,Acme 18,BR
911,bruno.almeida911@startup.com,Bruno,Almeida,Acme 19,US
912,carla.costa912@gmail.com,Carla,Costa,Acme 20,AU
913,diego.santos913@outlook.com,Diego,Santos,Acme 21,DE
914,elisa.fernandes914@company.com,Elisa,Fernandes,Acme 22,PT
915,fabio.pereira915@startup.com,Fabio,Pereira,Acme 23,AR
916,gabriela.oliveira916@gmail.com,Gabriela,Oliveira,Acme 24,MX
917,henrique.lima917@outlook.com,Henrique,Lima,Acme 25,CA
918,isabela.ribeiro918@company.com,Isabela,Ribeiro,Acme 26,UK
919,joao.souza919@startup.com,Joao,Souza,Acme 27,ES
920,ana.silva920@gmail.com,Ana,Silva,Acme 28,BR
921,bruno.almeida921@outlook.com,Bruno,Almeida,Acme 29,US
922,carla.costa922@company.com,Carla,Costa,Acme 30,AU
923,diego.santos923@startup.com,Diego,Santos,Acme 31,DE
924,elisa.fernandes924@gmail.com,Elisa,Fernandes,Acme 32,PT
925,fabio.pereira925@outlook.com,Fabio,Pereira,Acme 33,AR
926,gabriela.oliveira926@company.com,Gabriela,Oliveira,Acme 34,MX
927,henrique.lima927@startup.com,Henrique,Lima,Acme 35,CA
928,isabela.ribeiro928@gmail.com,Isabela,Ribeiro,Acme 36,UK
929,joao.souza929@outlook.com,Joao,Souza,Acme 37,ES
930,ana.silva930@company.com,Ana,Silva,Acme 38,BR
931,bruno.almeida931@startup.com,Bruno,Almeida,Acme 39,US
932,carla.costa932@gmail.com,Carla,Costa,Acme 40,AU
933,diego.santos933@outlook.com,Diego,Santos,Acme 41,DE
934,elisa.fernandes934@company.com,Elisa,Fernandes,Acme 42,PT
935,fabio.pereira935@startup.com,Fabio,Pereira,Acme 43,AR
936,gabriela.oliveira936@gmail.com,Gabriela,Oliveira,Acme 44,MX
937,henrique.lima937@outlook.com,Henrique,Lima,Acme 45,CA
938,isabela.ribeiro938@company.com,Isabela,Ribeiro,Acme 46,UK
939,joao.souza939@startup.com,Joao,Souza,Acme 47,ES
940,ana.silva940@gmail.com,Ana,Silva,Acme 1,BR
941,bruno.almeida941@outlook.com,Bruno,Almeida,Acme 2,US
942,carla.costa942@company.com,Carla,Costa,Acme 3,AU
943,diego.santos943@startup.com,Diego,Santos,Acme 4,DE
944,elisa.fernandes944@gmail.com,Elisa,Fernandes,Acme 5,PT
945,fabio.pereira945@outlook.com,Fabio,Pereira,Acme 6,AR
946,gabriela.oliveira946@company.com,Gabriela,Oliveira,Acme 7,MX
947,henrique.lima947@startup.com,Henrique,Lima,Acme 8,CA
948,isabela.ribeiro948@gmail.com,Isabela,Ribeiro,Acme 9,UK
949,joao.souza949@outlook.com,Joao,Souza,Acme 10,ES
950,ana.silva950@company.com,Ana,Silva,Acme 11,BR
951,bruno.almeida951@startup.com,Bruno,Almeida,Acme 12,US
952,carla.costa952@gmail.com,Carla,Costa,Acme 13,AU
953,diego.santos953@outlook.com,Diego,Santos,Acme 14,DE
954,elisa.fernandes954@company.com,Elisa,Fernandes,Acme 15,PT
955,fabio.pereira955@startup.com,Fabio,Pereira,Acme 16,AR
956,gabriela.oliveira956@gmail.com,Gabriela,Oliveira,Acme 17,MX
957,henrique.lima957@outlook.com,Henrique,Lima,Acme 18,CA
958,isabela.ribeiro958@company.com,Isabela,Ribeiro,Acme 19,UK
959,joao.souza959@startup.com,Joao,Souza,Acme 20,ES
960,ana.silva960@gmail.com,Ana,Silva,Acme 21,BR
961,bruno.almeida961@outlook.com,Bruno,Almeida,Acme 22,US
962,carla.costa962@company.com,Carla,Costa,Acme 23,AU
963,diego.santos963@startup.com,Diego,Santos,Acme 24,DE
964,elisa.fernandes964@gmail.com,Elisa,Fernandes,Acme 25,PT
965,fabio.pereira965@outlook.com,Fabio,Pereira,Acme 26,AR
966,gabriela.oliveira966@company.com,Gabriela,Oliveira,Acme 27,MX
967,henrique.lima967@startup.com,Henrique,Lima,Acme 28,CA
968,isabela.ribeiro968@gmail.com,Isabela,Ribeiro,Acme 29,UK
969,joao.souza969@outlook.com,Joao,Souza,Acme 30,ES
970,ana.silva970@company.com,Ana,Silva,Acme 31,BR
971,bruno.almeida971@startup.com,Bruno,Almeida,Acme 32,US
972,carla.costa972@gmail.com,Carla,Costa,Acme 33,AU
973,diego.santos973@outlook.com,Diego,Santos,Acme 34,DE
974,elisa.fernandes974@company.com,Elisa,Fernandes,Acme 35,PT
975,fabio.pereira975@startup.com,Fabio,Pereira,Acme 36,AR
976,gabriela.oliveira976@gmail.com,Gabriela,Oliveira,Acme 37,MX
977,henrique.lima977@outlook.com,Henrique,Lima,Acme 38,CA
978,isabela.ribeiro978@company.com,Isabela,Ribeiro,Acme 39,UK
979,joao.souza979@startup.com,Joao,Souza,Acme 40,ES
980,ana.silva980@gmail.com,Ana,Silva,Acme 41,BR
981,bruno.almeida981@outlook.com,Bruno,Almeida,Acme 42,US
982,carla.costa982@company.com,Carla,Costa,Acme 43,AU
983,diego.santos983@startup.com,Diego,Santos,Acme 44,DE
984,elisa.fernandes984@gmail.com,Elisa,Fernandes,Acme 45,PT
985,fabio.pereira985@outlook.com,Fabio,Pereira,Acme 46,AR
986,gabriela.oliveira986@company.com,Gabriela,Oliveira,Acme 47,MX
987,henrique.lima987@startup.com,Henrique,Lima,Acme 1,CA
988,isabela.ribeiro988@gmail.com,Isabela,Ribeiro,Acme 2,UK
989,joao.souza989@outlook.com,Joao,Souza,Acme 3,ES
990,ana.silva990@company.com,Ana,Silva,Acme 4,BR
991,bruno.almeida991@startup.com,Bruno,Almeida,Acme 5,US
992,carla.costa992@gmail.com,Carla,Costa,Acme 6,AU
993,diego.santos993@outlook.com,Diego,Santos,Acme 7,DE
994,elisa.fernandes994@company.com,Elisa,Fernandes,Acme 8,PT
995,fabio.pereira995@startup.com,Fabio,Pereira,Acme 9,AR
996,gabriela.oliveira996@gmail.com,Gabriela,Oliveira,Acme 10,MX
997,henrique.lima997@outlook.com,Henrique,Lima,Acme 11,CA
998,isabela.ribeiro998@company.com,Isabela,Ribeiro,Acme 12,UK
999,joao.souza999@startup.com,Joao,Souza,Acme 13,ES
1000,ana.silva1000@gmail.com,Ana,Silva,Acme 14,BR
1001,bruno.almeida1001@outlook.com,Bruno,Almeida,Acme 15,US
1002,carla.costa1002@company.com,Carla,Costa,Acme 16,AU
1003,diego.santos1003@startup.com,Diego,Santos,Acme 17,DE
1004,elisa.fernandes1004@gmail.com,Elisa,Fernandes,Acme 18,PT
1005,fabio.pereira1005@outlook.com,Fabio,Pereira,Acme 19,AR
1006,gabriela.oliveira1006@company.com,Gabriela,Oliveira,Acme 20,MX
1007,henrique.lima1007@startup.com,Henrique,Lima,Acme 21,CA
1008,isabela.ribeiro1008@gmail.com,Isabela,Ribeiro,Acme 22,UK
1009,joao.souza1009@outlook.com,Joao,Souza,Acme 23,ES
1010,ana.silva1010@company.com,Ana,Silva,Acme 24,BR
1011,bruno.almeida1011@startup.com,Bruno,Almeida,Acme 25,US
1012,carla.costa1012@gmail.com,Carla,Costa,Acme 26,AU
1013,diego.santos1013@outlook.com,Diego,Santos,Acme 27,DE
1014,elisa.fernandes1014@company.com,Elisa,Fernandes,Acme 28,PT
1015,fabio.pereira1015@startup.com,Fabio,Pereira,Acme 29,AR
1016,gabriela.oliveira1016@gmail.com,Gabriela,Oliveira,Acme 30,MX
1017,henrique.lima1017@outlook.com,Henrique,Lima,Acme 31,CA
1018,isabela.ribeiro1018@company.com,Isabela,Ribeiro,Acme 32,UK
1019,joao.souza1019@startup.com,Joao,Souza,Acme 33,ES
1020,ana.silva1020@gmail.com,Ana,Silva,Acme 34,BR
1021,bruno.almeida1021@outlook.com,Bruno,Almeida,Acme 35,US
1022,carla.costa1022@company.com,Carla,Costa,Acme 36,AU
1023,diego.santos1023@startup.com,Diego,Santos,Acme 37,DE
1024,elisa.fernandes1024@gmail.com,Elisa,Fernandes,Acme 38,PT
1025,fabio.pereira1025@outlook.com,Fabio,Pereira,Acme 39,AR
1026,gabriela.oliveira1026@company.com,Gabriela,Oliveira,Acme 40,MX
1027,henrique.lima1027@startup.com,Henrique,Lima,Acme 41,CA
1028,isabela.ribeiro1028@gmail.com,Isabela,Ribeiro,Acme 42,UK
1029,joao.souza1029@outlook.com,Joao,Souza,Acme 43,ES
1030,ana.silva1030@company.com,Ana,Silva,Acme 44,BR
1031,bruno.almeida1031@startup.com,Bruno,Almeida,Acme 45,US
1032,carla.costa1032@gmail.com,Carla,Costa,Acme 46,AU
1033,diego.santos1033@outlook.com,Diego,Santos,Acme 47,DE
1034,elisa.fernandes1034@company.com,Elisa,Fernandes,Acme 1,PT
1035,fabio.pereira1035@startup.com,Fabio,Pereira,Acme 2,AR
1036,gabriela.oliveira1036@gmail.com,Gabriela,Oliveira,Acme 3,MX
1037,henrique.lima1037@outlook.com,Henrique,Lima,Acme 4,CA
1038,isabela.ribeiro1038@company.com,Isabela,Ribeiro,Acme 5,UK
1039,joao.souza1039@startup.com,Joao,Souza,Acme 6,ES
1040,ana.silva1040@gmail.com,Ana,Silva,Acme 7,BR
1041,bruno.almeida1041@outlook.com,Bruno,Almeida,Acme 8,US
1042,carla.costa1042@company.com,Carla,Costa,Acme 9,AU
1043,diego.santos1043@startup.com,Diego,Santos,Acme 10,DE
1044,elisa.fernandes1044@gmail.com,Elisa,Fernandes,Acme 11,PT
1045,fabio.pereira1045@outlook.com,Fabio,Pereira,Acme 12,AR
1046,gabriela.oliveira1046@company.com,Gabriela,Oliveira,Acme 13,MX
1047,henrique.lima1047@startup.com,Henrique,Lima,Acme 14,CA
1048,isabela.ribeiro1048@gmail.com,Isabela,Ribeiro,Acme 15,UK
1049,joao.souza1049@outlook.com,Joao,Souza,Acme 16,ES
1050,ana.silva1050@company.com,Ana,Silva,Acme 17,BR
1051,bruno.almeida1051@startup.com,Bruno,Almeida,Acme 18,US
1052,carla.costa1052@gmail.com,Carla,Costa,Acme 19,AU
1053,diego.santos1053@outlook.com,Diego,Santos,Acme 20,DE
1054,elisa.fernandes1054@company.com,Elisa,Fernandes,Acme 21,PT
1055,fabio.pereira1055@startup.com,Fabio,Pereira,Acme 22,AR
1056,gabriela.oliveira1056@gmail.com,Gabriela,Oliveira,Acme 23,MX
1057,henrique.lima1057@outlook.com,Henrique,Lima,Acme 24,CA
1058,isabela.ribeiro1058@company.com,Isabela,Ribeiro,Acme 25,UK
1059,joao.souza1059@startup.com,Joao,Souza,Acme 26,ES
1060,ana.silva1060@gmail.com,Ana,Silva,Acme 27,BR
1061,bruno.almeida1061@outlook.com,Bruno,Almeida,Acme 28,US
1062,carla.costa1062@company.com,Carla,Costa,Acme 29,AU
1063,diego.santos1063@startup.com,Diego,Santos,Acme 30,DE
1064,elisa.fernandes1064@gmail.com,Elisa,Fernandes,Acme 31,PT
1065,fabio.pereira1065@outlook.com,Fabio,Pereira,Acme 32,AR
1066,gabriela.oliveira1066@company.com,Gabriela,Oliveira,Acme 33,MX
1067,henrique.lima1067@startup.com,Henrique,Lima,Acme 34,CA
1068,isabela.ribeiro1068@gmail.com,Isabela,Ribeiro,Acme 35,UK
1069,joao.souza1069@outlook.com,Joao,Souza,Acme 36,ES
1070,ana.silva1070@company.com,Ana,Silva,Acme 37,BR
1071,bruno.almeida1071@startup.com,Bruno,Almeida,Acme 38,US
1072,carla.costa1072@gmail.com,Carla,Costa,Acme 39,AU
1073,diego.santos1073@outlook.com,Diego,Santos,Acme 40,DE
1074,elisa.fernandes1074@company.com,Elisa,Fernandes,Acme 41,PT
1075,fabio.pereira1075@startup.com,Fabio,Pereira,Acme 42,AR
1076,gabriela.oliveira1076@gmail.com,Gabriela,Oliveira,Acme 43,MX
1077,henrique.lima1077@outlook.com,Henrique,Lima,Acme 44,CA
1078,isabela.ribeiro1078@company.com,Isabela,Ribeiro,Acme 45,UK
1079,joao.souza1079@startup.com,Joao,Souza,Acme 46,ES
1080,ana.silva1080@gmail.com,Ana,Silva,Acme 47,BR
1081,bruno.almeida1081@outlook.com,Bruno,Almeida,Acme 1,US
1082,carla.costa1082@company.com,Carla,Costa,Acme 2,AU
1083,diego.santos1083@startup.com,Diego,Santos,Acme 3,DE
1084,elisa.fernandes1084@gmail.com,Elisa,Fernandes,Acme 4,PT
1085,fabio.pereira1085@outlook.com,Fabio,Pereira,Acme 5,AR
1086,gabriela.oliveira1086@company.com,Gabriela,Oliveira,Acme 6,MX
1087,henrique.lima1087@startup.com,Henrique,Lima,Acme 7,CA
1088,isabela.ribeiro1088@gmail.com,Isabela,Ribeiro,Acme 8,UK
1089,joao.souza1089@outlook.com,Joao,Souza,Acme 9,ES
1090,ana.silva1090@company.com,Ana,Silva,Acme 10,BR
1091,bruno.almeida1091@startup.com,Bruno,Almeida,Acme 11,US
1092,carla.costa1092@gmail.com,Carla,Costa,Acme 12,AU
1093,diego.santos1093@outlook.com,Diego,Santos,Acme 13,DE
1094,elisa.fernandes1094@company.com,Elisa,Fernandes,Acme 14,PT
1095,fabio.pereira1095@startup.com,Fabio,Pereira,Acme 15,AR
1096,gabriela.oliveira1096@gmail.com,Gabriela,Oliveira,Acme 16,MX
1097,henrique.lima1097@outlook.com,Henrique,Lima,Acme 17,CA
1098,isabela.ribeiro1098@company.com,Isabela,Ribeiro,Acme 18,UK
1099,joao.souza1099@startup.com,Joao,Souza,Acme 19,ES
1100,ana.silva1100@gmail.com,Ana,Silva,Acme 20,BR
1101,bruno.almeida1101@outlook.com,Bruno,Almeida,Acme 21,US
1102,carla.costa1102@company.com,Carla,Costa,Acme 22,AU
1103,diego.santos1103@startup.com,Diego,Santos,Acme 23,DE
1104,elisa.fernandes1104@gmail.com,Elisa,Fernandes,Acme 24,PT
1105,fabio.pereira1105@outlook.com,Fabio,Pereira,Acme 25,AR
1106,gabriela.oliveira1106@company.com,Gabriela,Oliveira,Acme 26,MX
1107,henrique.lima1107@startup.com,Henrique,Lima,Acme 27,CA
1108,isabela.ribeiro1108@gmail.com,Isabela,Ribeiro,Acme 28,UK
1109,joao.souza1109@outlook.com,Joao,Souza,Acme 29,ES
1110,ana.silva1110@company.com,Ana,Silva,Acme 30,BR
1111,bruno.almeida1111@startup.com,Bruno,Almeida,Acme 31,US
1112,carla.costa1112@gmail.com,Carla,Costa,Acme 32,AU
1113,diego.santos1113@outlook.com,Diego,Santos,Acme 33,DE
1114,elisa.fernandes1114@company.com,Elisa,Fernandes,Acme 34,PT
1115,fabio.pereira1115@startup.com,Fabio,Pereira,Acme 35,AR
1116,gabriela.oliveira1116@gmail.com,Gabriela,Oliveira,Acme 36,MX
1117,henrique.lima1117@outlook.com,Henrique,Lima,Acme 37,CA
1118,isabela.ribeiro1118@company.com,Isabela,Ribeiro,Acme 38,UK
1119,joao.souza1119@startup.com,Joao,Souza,Acme 39,ES
1120,ana.silva1120@gmail.com,Ana,Silva,Acme 40,BR
1121,bruno.almeida1121@outlook.com,Bruno,Almeida,Acme 41,US
1122,carla.costa1122@company.com,Carla,Costa,Acme 42,AU
1123,diego.santos1123@startup.com,Diego,Santos,Acme 43,DE
1124,elisa.fernandes1124@gmail.com,Elisa,Fernandes,Acme 44,PT
1125,fabio.pereira1125@outlook.com,Fabio,Pereira,Acme 45,AR
1126,gabriela.oliveira1126@company.com,Gabriela,Oliveira,Acme 46,MX
1127,henrique.lima1127@startup.com,Henrique,Lima,Acme 47,CA
1128,isabela.ribeiro1128@gmail.com,Isabela,Ribeiro,Acme 1,UK
1129,joao.souza1129@outlook.com,Joao,Souza,Acme 2,ES
1130,ana.silva1130@company.com,Ana,Silva,Acme 3,BR
1131,bruno.almeida1131@startup.com,Bruno,Almeida,Acme 4,US
1132,carla.costa1132@gmail.com,Carla,Costa,Acme 5,AU
1133,diego.santos1133@outlook.com,Diego,Santos,Acme 6,DE
1134,elisa.fernandes1134@company.com,Elisa,Fernandes,Acme 7,PT
1135,fabio.pereira1135@startup.com,Fabio,Pereira,Acme 8,AR
1136,gabriela.oliveira1136@gmail.com,Gabriela,Oliveira,Acme 9,MX
1137,henrique.lima1137@outlook.com,Henrique,Lima,Acme 10,CA
1138,isabela.ribeiro1138@company.com,Isabela,Ribeiro,Acme 11,UK
1139,joao.souza1139@startup.com,Joao,Souza,Acme 12,ES
1140,ana.silva1140@gmail.com,Ana,Silva,Acme 13,BR
1141,bruno.almeida1141@outlook.com,Bruno,Almeida,Acme 14,US
1142,carla.costa1142@company.com,Carla,Costa,Acme 15,AU
1143,diego.santos1143@startup.com,Diego,Santos,Acme 16,DE
1144,elisa.fernandes1144@gmail.com,Elisa,Fernandes,Acme 17,PT
1145,fabio.pereira1145@outlook.com,Fabio,Pereira,Acme 18,AR
1146,gabriela.oliveira1146@company.com,Gabriela,Oliveira,Acme 19,MX
1147,henrique.lima1147@startup.com,Henrique,Lima,Acme 20,CA
1148,isabela.ribeiro1148@gmail.com,Isabela,Ribeiro,Acme 21,UK
1149,joao.souza1149@outlook.com,Joao,Souza,Acme 22,ES
1150,ana.silva1150@company.com,Ana,Silva,Acme 23,BR
1151,bruno.almeida1151@startup.com,Bruno,Almeida,Acme 24,US
1152,carla.costa1152@gmail.com,Carla,Costa,Acme 25,AU
1153,diego.santos1153@outlook.com,Diego,Santos,Acme 26,DE
1154,elisa.fernandes1154@company.com,Elisa,Fernandes,Acme 27,PT
1155,fabio.pereira1155@startup.com,Fabio,Pereira,Acme 28,AR
1156,gabriela.oliveira1156@gmail.com,Gabriela,Oliveira,Acme 29,MX
1157,henrique.lima1157@outlook.com,Henrique,Lima,Acme 30,CA
1158,isabela.ribeiro1158@company.com,Isabela,Ribeiro,Acme 31,UK
1159,joao.souza1159@startup.com,Joao,Souza,Acme 32,ES
1160,ana.silva1160@gmail.com,Ana,Silva,Acme 33,BR
1161,bruno.almeida1161@outlook.com,Bruno,Almeida,Acme 34,US
1162,carla.costa1162@company.com,Carla,Costa,Acme 35,AU
1163,diego.santos1163@startup.com,Diego,Santos,Acme 36,DE
1164,elisa.fernandes1164@gmail.com,Elisa,Fernandes,Acme 37,PT
1165,fabio.pereira1165@outlook.com,Fabio,Pereira,Acme 38,AR
1166,gabriela.oliveira1166@company.com,Gabriela,Oliveira,Acme 39,MX
1167,henrique.lima1167@startup.com,Henrique,Lima,Acme 40,CA
1168,isabela.ribeiro1168@gmail.com,Isabela,Ribeiro,Acme 41,UK
1169,joao.souza1169@outlook.com,Joao,Souza,Acme 42,ES
1170,ana.silva1170@company.com,Ana,Silva,Acme 43,BR
1171,bruno.almeida1171@startup.com,Bruno,Almeida,Acme 44,US
1172,carla.costa1172@gmail.com,Carla,Costa,Acme 45,AU
1173,diego.santos1173@outlook.com,Diego,Santos,Acme 46,DE
1174,elisa.fernandes1174@company.com,Elisa,Fernandes,Acme 47,PT
1175,fabio.pereira1175@startup.com,Fabio,Pereira,Acme 1,AR
1176,gabriela.oliveira1176@gmail.com,Gabriela,Oliveira,Acme 2,MX
1177,henrique.lima1177@outlook.com,Henrique,Lima,Acme 3,CA
1178,isabela.ribeiro1178@company.com,Isabela,Ribeiro,Acme 4,UK
1179,joao.souza1179@startup.com,Joao,Souza,Acme 5,ES
1180,ana.silva1180@gmail.com,Ana,Silva,Acme 6,BR
1181,bruno.almeida1181@outlook.com,Bruno,Almeida,Acme 7,US
1182,carla.costa1182@company.com,Carla,Costa,Acme 8,AU
1183,diego.santos1183@startup.com,Diego,Santos,Acme 9,DE
1184,elisa.fernandes1184@gmail.com,Elisa,Fernandes,Acme 10,PT
1185,fabio.pereira1185@outlook.com,Fabio,Pereira,Acme 11,AR
1186,gabriela.oliveira1186@company.com,Gabriela,Oliveira,Acme 12,MX
1187,henrique.lima1187@startup.com,Henrique,Lima,Acme 13,CA
1188,isabela.ribeiro1188@gmail.com,Isabela,Ribeiro,Acme 14,UK
1189,joao.souza1189@outlook.com,Joao,Souza,Acme 15,ES
1190,ana.silva1190@company.com,Ana,Silva,Acme 16,BR
1191,bruno.almeida1191@startup.com,Bruno,Almeida,Acme 17,US
1192,carla.costa1192@gmail.com,Carla,Costa,Acme 18,AU
1193,diego.santos1193@outlook.com,Diego,Santos,Acme 19,DE
1194,elisa.fernandes1194@company.com,Elisa,Fernandes,Acme 20,PT
1195,fabio.pereira1195@startup.com,Fabio,Pereira,Acme 21,AR
1196,gabriela.oliveira1196@gmail.com,Gabriela,Oliveira,Acme 22,MX
1197,henrique.lima1197@outlook.com,Henrique,Lima,Acme 23,CA
1198,isabela.ribeiro1198@company.com,Isabela,Ribeiro,Acme 24,UK
1199,joao.souza1199@startup.com,Joao,Souza,Acme 25,ES
1200,ana.silva1200@gmail.com,Ana,Silva,Acme 26,BR
1201,bruno.almeida1201@outlook.com,Bruno,Almeida,Acme 27,US
1202,carla.costa1202@company.com,Carla,Costa,Acme 28,AU
1203,diego.santos1203@startup.com,Diego,Santos,Acme 29,DE
1204,elisa.fernandes1204@gmail.com,Elisa,Fernandes,Acme 30,PT
1205,fabio.pereira1205@outlook.com,Fabio,Pereira,Acme 31,AR
1206,gabriela.oliveira1206@company.com,Gabriela,Oliveira,Acme 32,MX
1207,henrique.lima1207@startup.com,Henrique,Lima,Acme 33,CA
1208,isabela.ribeiro1208@gmail.com,Isabela,Ribeiro,Acme 34,UK
1209,joao.souza1209@outlook.com,Joao,Souza,Acme 35,ES
1210,ana.silva1210@company.com,Ana,Silva,Acme 36,BR
1211,bruno.almeida1211@startup.com,Bruno,Almeida,Acme 37,US
1212,carla.costa1212@gmail.com,Carla,Costa,Acme 38,AU
1213,diego.santos1213@outlook.com,Diego,Santos,Acme 39,DE
1214,elisa.fernandes1214@company.com,Elisa,Fernandes,Acme 40,PT
1215,fabio.pereira1215@startup.com,Fabio,Pereira,Acme 41,AR
1216,gabriela.oliveira1216@gmail.com,Gabriela,Oliveira,Acme 42,MX
1217,henrique.lima1217@outlook.com,Henrique,Lima,Acme 43,CA
1218,isabela.ribeiro1218@company.com,Isabela,Ribeiro,Acme 44,UK
1219,joao.souza1219@startup.com,Joao,Souza,Acme 45,ES
1220,ana.silva1220@gmail.com,Ana,Silva,Acme 46,BR
1221,bruno.almeida1221@outlook.com,Bruno,Almeida,Acme 47,US
1222,carla.costa1222@company.com,Carla,Costa,Acme 1,AU
1223,diego.santos1223@startup.com,Diego,Santos,Acme 2,DE
1224,elisa.fernandes1224@gmail.com,Elisa,Fernandes,Acme 3,PT
1225,fabio.pereira1225@outlook.com,Fabio,Pereira,Acme 4,AR
1226,gabriela.oliveira1226@company.com,Gabriela,Oliveira,Acme 5,MX
1227,henrique.lima1227@startup.com,Henrique,Lima,Acme 6,CA
1228,isabela.ribeiro1228@gmail.com,Isabela,Ribeiro,Acme 7,UK
1229,joao.souza1229@outlook.com,Joao,Souza,Acme 8,ES
1230,ana.silva1230@company.com,Ana,Silva,Acme 9,BR
1231,bruno.almeida1231@startup.com,Bruno,Almeida,Acme 10,US
1232,carla.costa1232@gmail.com,Carla,Costa,Acme 11,AU
1233,diego.santos1233@outlook.com,Diego,Santos,Acme 12,DE
1234,elisa.fernandes1234@company.com,Elisa,Fernandes,Acme 13,PT
1235,fabio.pereira1235@startup.com,Fabio,Pereira,Acme 14,AR
1236,gabriela.oliveira1236@gmail.com,Gabriela,Oliveira,Acme 15,MX
1237,henrique.lima1237@outlook.com,Henrique,Lima,Acme 16,CA
1238,isabela.ribeiro1238@company.com,Isabela,Ribeiro,Acme 17,UK
1239,joao.souza1239@startup.com,Joao,Souza,Acme 18,ES
1240,ana.silva1240@gmail.com,Ana,Silva,Acme 19,BR
1241,bruno.almeida1241@outlook.com,Bruno,Almeida,Acme 20,US
1242,carla.costa1242@company.com,Carla,Costa,Acme 21,AU
1243,diego.santos1243@startup.com,Diego,Santos,Acme 22,DE
1244,elisa.fernandes1244@gmail.com,Elisa,Fernandes,Acme 23,PT
1245,fabio.pereira1245@outlook.com,Fabio,Pereira,Acme 24,AR
1246,gabriela.oliveira1246@company.com,Gabriela,Oliveira,Acme 25,MX
1247,henrique.lima1247@startup.com,Henrique,Lima,Acme 26,CA
1248,isabela.ribeiro1248@gmail.com,Isabela,Ribeiro,Acme 27,UK
1249,joao.souza1249@outlook.com,Joao,Souza,Acme 28,ES
1250,ana.silva1250@company.com,Ana,Silva,Acme 29,BR
1251,bruno.almeida1251@startup.com,Bruno,Almeida,Acme 30,US
1252,carla.costa1252@gmail.com,Carla,Costa,Acme 31,AU
1253,diego.santos1253@outlook.com,Diego,Santos,Acme 32,DE
1254,elisa.fernandes1254@company.com,Elisa,Fernandes,Acme 33,PT
1255,fabio.pereira1255@startup.com,Fabio,Pereira,Acme 34,AR
1256,gabriela.oliveira1256@gmail.com,Gabriela,Oliveira,Acme 35,MX
1257,henrique.lima1257@outlook.com,Henrique,Lima,Acme 36,CA
1258,isabela.ribeiro1258@company.com,Isabela,Ribeiro,Acme 37,UK
1259,joao.souza1259@startup.com,Joao,Souza,Acme 38,ES
1260,ana.silva1260@gmail.com,Ana,Silva,Acme 39,BR
1261,bruno.almeida1261@outlook.com,Bruno,Almeida,Acme 40,US
1262,carla.costa1262@company.com,Carla,Costa,Acme 41,AU
1263,diego.santos1263@startup.com,Diego,Santos,Acme 42,DE
1264,elisa.fernandes1264@gmail.com,Elisa,Fernandes,Acme 43,PT
1265,fabio.pereira1265@outlook.com,Fabio,Pereira,Acme 44,AR
1266,gabriela.oliveira1266@company.com,Gabriela,Oliveira,Acme 45,MX
1267,henrique.lima1267@startup.com,Henrique,Lima,Acme 46,CA
1268,isabela.ribeiro1268@gmail.com,Isabela,Ribeiro,Acme 47,UK
1269,joao.souza1269@outlook.com,Joao,Souza,Acme 1,ES
1270,ana.silva1270@company.com,Ana,Silva,Acme 2,BR
1271,bruno.almeida1271@startup.com,Bruno,Almeida,Acme 3,US
1272,carla.costa1272@gmail.com,Carla,Costa,Acme 4,AU
1273,diego.santos1273@outlook.com,Diego,Santos,Acme 5,DE
1274,elisa.fernandes1274@company.com,Elisa,Fernandes,Acme 6,PT
1275,fabio.pereira1275@startup.com,Fabio,Pereira,Acme 7,AR
1276,gabriela.oliveira1276@gmail.com,Gabriela,Oliveira,Acme 8,MX
1277,henrique.lima1277@outlook.com,Henrique,Lima,Acme 9,CA
1278,isabela.ribeiro1278@company.com,Isabela,Ribeiro,Acme 10,UK
1279,joao.souza1279@startup.com,Joao,Souza,Acme 11,ES
1280,ana.silva1280@gmail.com,Ana,Silva,Acme 12,BR
1281,bruno.almeida1281@outlook.com,Bruno,Almeida,Acme 13,US
1282,carla.costa1282@company.com,Carla,Costa,Acme 14,AU
1283,diego.santos1283@startup.com,Diego,Santos,Acme 15,DE
1284,elisa.fernandes1284@gmail.com,Elisa,Fernandes,Acme 16,PT
1285,fabio.pereira1285@outlook.com,Fabio,Pereira,Acme 17,AR
1286,gabriela.oliveira1286@company.com,Gabriela,Oliveira,Acme 18,MX
1287,henrique.lima1287@startup.com,Henrique,Lima,Acme 19,CA
1288,isabela.ribeiro1288@gmail.com,Isabela,Ribeiro,Acme 20,UK
1289,joao.souza1289@outlook.com,Joao,Souza,Acme 21,ES
1290,ana.silva1290@company.com,Ana,Silva,Acme 22,BR
1291,bruno.almeida1291@startup.com,Bruno,Almeida,Acme 23,US
1292,carla.costa1292@gmail.com,Carla,Costa,Acme 24,AU
1293,diego.santos1293@outlook.com,Diego,Santos,Acme 25,DE
1294,elisa.fernandes1294@company.com,Elisa,Fernandes,Acme 26,PT
1295,fabio.pereira1295@startup.com,Fabio,Pereira,Acme 27,AR
1296,gabriela.oliveira1296@gmail.com,Gabriela,Oliveira,Acme 28,MX
1297,henrique.lima1297@outlook.com,Henrique,Lima,Acme 29,CA
1298,isabela.ribeiro1298@company.com,Isabela,Ribeiro,Acme 30,UK
1299,joao.souza1299@startup.com,Joao,Souza,Acme 31,ES
1300,ana.silva1300@gmail.com,Ana,Silva,Acme 32,BR
1301,bruno.almeida1301@outlook.com,Bruno,Almeida,Acme 33,US
1302,carla.costa1302@company.com,Carla,Costa,Acme 34,AU
1303,diego.santos1303@startup.com,Diego,Santos,Acme 35,DE
1304,elisa.fernandes1304@gmail.com,Elisa,Fernandes,Acme 36,PT
1305,fabio.pereira1305@outlook.com,Fabio,Pereira,Acme 37,AR
1306,gabriela.oliveira1306@company.com,Gabriela,Oliveira,Acme 38,MX
1307,henrique.lima1307@startup.com,Henrique,Lima,Acme 39,CA
1308,isabela.ribeiro1308@gmail.com,Isabela,Ribeiro,Acme 40,UK
1309,joao.souza1309@outlook.com,Joao,Souza,Acme 41,ES
1310,ana.silva1310@company.com,Ana,Silva,Acme 42,BR
1311,bruno.almeida1311@startup.com,Bruno,Almeida,Acme 43,US
1312,carla.costa1312@gmail.com,Carla,Costa,Acme 44,AU
1313,diego.santos1313@outlook.com,Diego,Santos,Acme 45,DE
1314,elisa.fernandes1314@company.com,Elisa,Fernandes,Acme 46,PT
1315,fabio.pereira1315@startup.com,Fabio,Pereira,Acme 47,AR
1316,gabriela.oliveira1316@gmail.com,Gabriela,Oliveira,Acme 1,MX
1317,henrique.lima1317@outlook.com,Henrique,Lima,Acme 2,CA
1318,isabela.ribeiro1318@company.com,Isabela,Ribeiro,Acme 3,UK
1319,joao.souza1319@startup.com,Joao,Souza,Acme 4,ES
1320,ana.silva1320@gmail.com,Ana,Silva,Acme 5,BR
1321,bruno.almeida1321@outlook.com,Bruno,Almeida,Acme 6,US
1322,carla.costa1322@company.com,Carla,Costa,Acme 7,AU
1323,diego.santos1323@startup.com,Diego,Santos,Acme 8,DE
1324,elisa.fernandes1324@gmail.com,Elisa,Fernandes,Acme 9,PT
1325,fabio.pereira1325@outlook.com,Fabio,Pereira,Acme 10,AR
1326,gabriela.oliveira1326@company.com,Gabriela,Oliveira,Acme 11,MX
1327,henrique.lima1327@startup.com,Henrique,Lima,Acme 12,CA
1328,isabela.ribeiro1328@gmail.com,Isabela,Ribeiro,Acme 13,UK
1329,joao.souza1329@outlook.com,Joao,Souza,Acme 14,ES
1330,ana.silva1330@company.com,Ana,Silva,Acme 15,BR
1331,bruno.almeida1331@startup.com,Bruno,Almeida,Acme 16,US
1332,carla.costa1332@gmail.com,Carla,Costa,Acme 17,AU
1333,diego.santos1333@outlook.com,Diego,Santos,Acme 18,DE
1334,elisa.fernandes1334@company.com,Elisa,Fernandes,Acme 19,PT
1335,fabio.pereira1335@startup.com,Fabio,Pereira,Acme 20,AR
1336,gabriela.oliveira1336@gmail.com,Gabriela,Oliveira,Acme 21,MX
1337,henrique.lima1337@outlook.com,Henrique,Lima,Acme 22,CA
1338,isabela.ribeiro1338@company.com,Isabela,Ribeiro,Acme 23,UK
1339,joao.souza1339@startup.com,Joao,Souza,Acme 24,ES
1340,ana.silva1340@gmail.com,Ana,Silva,Acme 25,BR
1341,bruno.almeida1341@outlook.com,Bruno,Almeida,Acme 26,US
1342,carla.costa1342@company.com,Carla,Costa,Acme 27,AU
1343,diego.santos1343@startup.com,Diego,Santos,Acme 28,DE
1344,elisa.fernandes1344@gmail.com,Elisa,Fernandes,Acme 29,PT
1345,fabio.pereira1345@outlook.com,Fabio,Pereira,Acme 30,AR
1346,gabriela.oliveira1346@company.com,Gabriela,Oliveira,Acme 31,MX
1347,henrique.lima1347@startup.com,Henrique,Lima,Acme 32,CA
1348,isabela.ribeiro1348@gmail.com,Isabela,Ribeiro,Acme 33,UK
1349,joao.souza1349@outlook.com,Joao,Souza,Acme 34,ES
1350,ana.silva1350@company.com,Ana,Silva,Acme 35,BR
1351,bruno.almeida1351@startup.com,Bruno,Almeida,Acme 36,US
1352,carla.costa1352@gmail.com,Carla,Costa,Acme 37,AU
1353,diego.santos1353@outlook.com,Diego,Santos,Acme 38,DE
1354,elisa.fernandes1354@company.com,Elisa,Fernandes,Acme 39,PT
1355,fabio.pereira1355@startup.com,Fabio,Pereira,Acme 40,AR
1356,gabriela.oliveira1356@gmail.com,Gabriela,Oliveira,Acme 41,MX
1357,henrique.lima1357@outlook.com,Henrique,Lima,Acme 42,CA
1358,isabela.ribeiro1358@company.com,Isabela,Ribeiro,Acme 43,UK
1359,joao.souza1359@startup.com,Joao,Souza,Acme 44,ES
1360,ana.silva1360@gmail.com,Ana,Silva,Acme 45,BR
1361,bruno.almeida1361@outlook.com,Bruno,Almeida,Acme 46,US
1362,carla.costa1362@company.com,Carla,Costa,Acme 47,AU
1363,diego.santos1363@startup.com,Diego,Santos,Acme 1,DE
1364,elisa.fernandes1364@gmail.com,Elisa,Fernandes,Acme 2,PT
1365,fabio.pereira1365@outlook.com,Fabio,Pereira,Acme 3,AR
1366,gabriela.oliveira1366@company.com,Gabriela,Oliveira,Acme 4,MX
1367,henrique.lima1367@startup.com,Henrique,Lima,Acme 5,CA
1368,isabela.ribeiro1368@gmail.com,Isabela,Ribeiro,Acme 6,UK
1369,joao.souza1369@outlook.com,Joao,Souza,Acme 7,ES
1370,ana.silva1370@company.com,Ana,Silva,Acme 8,BR
1371,bruno.almeida1371@startup.com,Bruno,Almeida,Acme 9,US
1372,carla.costa1372@gmail.com,Carla,Costa,Acme 10,AU
1373,diego.santos1373@outlook.com,Diego,Santos,Acme 11,DE
1374,elisa.fernandes1374@company.com,Elisa,Fernandes,Acme 12,PT
1375,fabio.pereira1375@startup.com,Fabio,Pereira,Acme 13,AR
1376,gabriela.oliveira1376@gmail.com,Gabriela,Oliveira,Acme 14,MX
1377,henrique.lima1377@outlook.com,Henrique,Lima,Acme 15,CA
1378,isabela.ribeiro1378@company.com,Isabela,Ribeiro,Acme 16,UK
1379,joao.souza1379@startup.com,Joao,Souza,Acme 17,ES
1380,ana.silva1380@gmail.com,Ana,Silva,Acme 18,BR
1381,bruno.almeida1381@outlook.com,Bruno,Almeida,Acme 19,US
1382,carla.costa1382@company.com,Carla,Costa,Acme 20,AU
1383,diego.santos1383@startup.com,Diego,Santos,Acme 21,DE
1384,elisa.fernandes1384@gmail.com,Elisa,Fernandes,Acme 22,PT
1385,fabio.pereira1385@outlook.com,Fabio,Pereira,Acme 23,AR
1386,gabriela.oliveira1386@company.com,Gabriela,Oliveira,Acme 24,MX
1387,henrique.lima1387@startup.com,Henrique,Lima,Acme 25,CA
1388,isabela.ribeiro1388@gmail.com,Isabela,Ribeiro,Acme 26,UK
1389,joao.souza1389@outlook.com,Joao,Souza,Acme 27,ES
1390,ana.silva1390@company.com,Ana,Silva,Acme 28,BR
1391,bruno.almeida1391@startup.com,Bruno,Almeida,Acme 29,US
1392,carla.costa1392@gmail.com,Carla,Costa,Acme 30,AU
1393,diego.santos1393@outlook.com,Diego,Santos,Acme 31,DE
1394,elisa.fernandes1394@company.com,Elisa,Fernandes,Acme 32,PT
1395,fabio.pereira1395@startup.com,Fabio,Pereira,Acme 33,AR
1396,gabriela.oliveira1396@gmail.com,Gabriela,Oliveira,Acme 34,MX
1397,henrique.lima1397@outlook.com,Henrique,Lima,Acme 35,CA
1398,isabela.ribeiro1398@company.com,Isabela,Ribeiro,Acme 36,UK
1399,joao.souza1399@startup.com,Joao,Souza,Acme 37,ES
1400,ana.silva1400@gmail.com,Ana,Silva,Acme 38,BR
1401,bruno.almeida1401@outlook.com,Bruno,Almeida,Acme 39,US
1402,carla.costa1402@company.com,Carla,Costa,Acme 40,AU
1403,diego.santos1403@startup.com,Diego,Santos,Acme 41,DE
1404,elisa.fernandes1404@gmail.com,Elisa,Fernandes,Acme 42,PT
1405,fabio.pereira1405@outlook.com,Fabio,Pereira,Acme 43,AR
1406,gabriela.oliveira1406@company.com,Gabriela,Oliveira,Acme 44,MX
1407,henrique.lima1407@startup.com,Henrique,Lima,Acme 45,CA
1408,isabela.ribeiro1408@gmail.com,Isabela,Ribeiro,Acme 46,UK
1409,joao.souza1409@outlook.com,Joao,Souza,Acme 47,ES
1410,ana.silva1410@company.com,Ana,Silva,Acme 1,BR
1411,bruno.almeida1411@startup.com,Bruno,Almeida,Acme 2,US
1412,carla.costa1412@gmail.com,Carla,Costa,Acme 3,AU
1413,diego.santos1413@outlook.com,Diego,Santos,Acme 4,DE
1414,elisa.fernandes1414@company.com,Elisa,Fernandes,Acme 5,PT
1415,fabio.pereira1415@startup.com,Fabio,Pereira,Acme 6,AR
1416,gabriela.oliveira1416@gmail.com,Gabriela,Oliveira,Acme 7,MX
1417,henrique.lima1417@outlook.com,Henrique,Lima,Acme 8,CA
1418,isabela.ribeiro1418@company.com,Isabela,Ribeiro,Acme 9,UK
1419,joao.souza1419@startup.com,Joao,Souza,Acme 10,ES
1420,ana.silva1420@gmail.com,Ana,Silva,Acme 11,BR
1421,bruno.almeida1421@outlook.com,Bruno,Almeida,Acme 12,US
1422,carla.costa1422@company.com,Carla,Costa,Acme 13,AU
1423,diego.santos1423@startup.com,Diego,Santos,Acme 14,DE
1424,elisa.fernandes1424@gmail.com,Elisa,Fernandes,Acme 15,PT
1425,fabio.pereira1425@outlook.com,Fabio,Pereira,Acme 16,AR
1426,gabriela.oliveira1426@company.com,Gabriela,Oliveira,Acme 17,MX
1427,henrique.lima1427@startup.com,Henrique,Lima,Acme 18,CA
1428,isabela.ribeiro1428@gmail.com,Isabela,Ribeiro,Acme 19,UK
1429,joao.souza1429@outlook.com,Joao,Souza,Acme 20,ES
1430,ana.silva1430@company.com,Ana,Silva,Acme 21,BR
1431,bruno.almeida1431@startup.com,Bruno,Almeida,Acme 22,US
1432,carla.costa1432@gmail.com,Carla,Costa,Acme 23,AU
1433,diego.santos1433@outlook.com,Diego,Santos,Acme 24,DE
1434,elisa.fernandes1434@company.com,Elisa,Fernandes,Acme 25,PT
1435,fabio.pereira1435@startup.com,Fabio,Pereira,Acme 26,AR
1436,gabriela.oliveira1436@gmail.com,Gabriela,Oliveira,Acme 27,MX
1437,henrique.lima1437@outlook.com,Henrique,Lima,Acme 28,CA
1438,isabela.ribeiro1438@company.com,Isabela,Ribeiro,Acme 29,UK
1439,joao.souza1439@startup.com,Joao,Souza,Acme 30,ES
1440,ana.silva1440@gmail.com,Ana,Silva,Acme 31,BR
1441,bruno.almeida1441@outlook.com,Bruno,Almeida,Acme 32,US
1442,carla.costa1442@company.com,Carla,Costa,Acme 33,AU
1443,diego.santos1443@startup.com,Diego,Santos,Acme 34,DE
1444,elisa.fernandes1444@gmail.com,Elisa,Fernandes,Acme 35,PT
1445,fabio.pereira1445@outlook.com,Fabio,Pereira,Acme 36,AR
1446,gabriela.oliveira1446@company.com,Gabriela,Oliveira,Acme 37,MX
1447,henrique.lima1447@startup.com,Henrique,Lima,Acme 38,CA
1448,isabela.ribeiro1448@gmail.com,Isabela,Ribeiro,Acme 39,UK
1449,joao.souza1449@outlook.com,Joao,Souza,Acme 40,ES
1450,ana.silva1450@company.com,Ana,Silva,Acme 41,BR
1451,bruno.almeida1451@startup.com,Bruno,Almeida,Acme 42,US
1452,carla.costa1452@gmail.com,Carla,Costa,Acme 43,AU
1453,diego.santos1453@outlook.com,Diego,Santos,Acme 44,DE
1454,elisa.fernandes1454@company.com,Elisa,Fernandes,Acme 45,PT
1455,fabio.pereira1455@startup.com,Fabio,Pereira,Acme 46,AR
1456,gabriela.oliveira1456@gmail.com,Gabriela,Oliveira,Acme 47,MX
1457,henrique.lima1457@outlook.com,Henrique,Lima,Acme 1,CA
1458,isabela.ribeiro1458@company.com,Isabela,Ribeiro,Acme 2,UK
1459,joao.souza1459@startup.com,Joao,Souza,Acme 3,ES
1460,ana.silva1460@gmail.com,Ana,Silva,Acme 4,BR
1461,bruno.almeida1461@outlook.com,Bruno,Almeida,Acme 5,US
1462,carla.costa1462@company.com,Carla,Costa,Acme 6,AU
1463,diego.santos1463@startup.com,Diego,Santos,Acme 7,DE
1464,elisa.fernandes1464@gmail.com,Elisa,Fernandes,Acme 8,PT
1465,fabio.pereira1465@outlook.com,Fabio,Pereira,Acme 9,AR
1466,gabriela.oliveira1466@company.com,Gabriela,Oliveira,Acme 10,MX
1467,henrique.lima1467@startup.com,Henrique,Lima,Acme 11,CA
1468,isabela.ribeiro1468@gmail.com,Isabela,Ribeiro,Acme 12,UK
1469,joao.souza1469@outlook.com,Joao,Souza,Acme 13,ES
1470,ana.silva1470@company.com,Ana,Silva,Acme 14,BR
1471,bruno.almeida1471@startup.com,Bruno,Almeida,Acme 15,US
1472,carla.costa1472@gmail.com,Carla,Costa,Acme 16,AU
1473,diego.santos1473@outlook.com,Diego,Santos,Acme 17,DE
1474,elisa.fernandes1474@company.com,Elisa,Fernandes,Acme 18,PT
1475,fabio.pereira1475@startup.com,Fabio,Pereira,Acme 19,AR
1476,gabriela.oliveira1476@gmail.com,Gabriela,Oliveira,Acme 20,MX
1477,henrique.lima1477@outlook.com,Henrique,Lima,Acme 21,CA
1478,isabela.ribeiro1478@company.com,Isabela,Ribeiro,Acme 22,UK
1479,joao.souza1479@startup.com,Joao,Souza,Acme 23,ES
1480,ana.silva1480@gmail.com,Ana,Silva,Acme 24,BR
1481,bruno.almeida1481@outlook.com,Bruno,Almeida,Acme 25,US
1482,carla.costa1482@company.com,Carla,Costa,Acme 26,AU
1483,diego.santos1483@startup.com,Diego,Santos,Acme 27,DE
1484,elisa.fernandes1484@gmail.com,Elisa,Fernandes,Acme 28,PT
1485,fabio.pereira1485@outlook.com,Fabio,Pereira,Acme 29,AR
1486,gabriela.oliveira1486@company.com,Gabriela,Oliveira,Acme 30,MX
1487,henrique.lima1487@startup.com,Henrique,Lima,Acme 31,CA
1488,isabela.ribeiro1488@gmail.com,Isabela,Ribeiro,Acme 32,UK
1489,joao.souza1489@outlook.com,Joao,Souza,Acme 33,ES
1490,ana.silva1490@company.com,Ana,Silva,Acme 34,BR
1491,bruno.almeida1491@startup.com,Bruno,Almeida,Acme 35,US
1492,carla.costa1492@gmail.com,Carla,Costa,Acme 36,AU
1493,diego.santos1493@outlook.com,Diego,Santos,Acme 37,DE
1494,elisa.fernandes1494@company.com,Elisa,Fernandes,Acme 38,PT
1495,fabio.pereira1495@startup.com,Fabio,Pereira,Acme 39,AR
1496,gabriela.oliveira1496@gmail.com,Gabriela,Oliveira,Acme 40,MX
1497,henrique.lima1497@outlook.com,Henrique,Lima,Acme 41,CA
1498,isabela.ribeiro1498@company.com,Isabela,Ribeiro,Acme 42,UK
1499,joao.souza1499@startup.com,Joao,Souza,Acme 43,ES
1500,ana.silva1500@gmail.com,Ana,Silva,Acme 44,BR
1501,bruno.almeida1501@outlook.com,Bruno,Almeida,Acme 45,US
1502,carla.costa1502@company.com,Carla,Costa,Acme 46,AU
1503,diego.santos1503@startup.com,Diego,Santos,Acme 47,DE
1504,elisa.fernandes1504@gmail.com,Elisa,Fernandes,Acme 1,PT
1505,fabio.pereira1505@outlook.com,Fabio,Pereira,Acme 2,AR
1506,gabriela.oliveira1506@company.com,Gabriela,Oliveira,Acme 3,MX
1507,henrique.lima1507@startup.com,Henrique,Lima,Acme 4,CA
1508,isabela.ribeiro1508@gmail.com,Isabela,Ribeiro,Acme 5,UK
1509,joao.souza1509@outlook.com,Joao,Souza,Acme 6,ES
1510,ana.silva1510@company.com,Ana,Silva,Acme 7,BR
1511,bruno.almeida1511@startup.com,Bruno,Almeida,Acme 8,US
1512,carla.costa1512@gmail.com,Carla,Costa,Acme 9,AU
1513,diego.santos1513@outlook.com,Diego,Santos,Acme 10,DE
1514,elisa.fernandes1514@company.com,Elisa,Fernandes,Acme 11,PT
1515,fabio.pereira1515@startup.com,Fabio,Pereira,Acme 12,AR
1516,gabriela.oliveira1516@gmail.com,Gabriela,Oliveira,Acme 13,MX
1517,henrique.lima1517@outlook.com,Henrique,Lima,Acme 14,CA
1518,isabela.ribeiro1518@company.com,Isabela,Ribeiro,Acme 15,UK
1519,joao.souza1519@startup.com,Joao,Souza,Acme 16,ES
1520,ana.silva1520@gmail.com,Ana,Silva,Acme 17,BR
1521,bruno.almeida1521@outlook.com,Bruno,Almeida,Acme 18,US
1522,carla.costa1522@company.com,Carla,Costa,Acme 19,AU
1523,diego.santos1523@startup.com,Diego,Santos,Acme 20,DE
1524,elisa.fernandes1524@gmail.com,Elisa,Fernandes,Acme 21,PT
1525,fabio.pereira1525@outlook.com,Fabio,Pereira,Acme 22,AR
1526,gabriela.oliveira1526@company.com,Gabriela,Oliveira,Acme 23,MX
1527,henrique.lima1527@startup.com,Henrique,Lima,Acme 24,CA
1528,isabela.ribeiro1528@gmail.com,Isabela,Ribeiro,Acme 25,UK
1529,joao.souza1529@outlook.com,Joao,Souza,Acme 26,ES
1530,ana.silva1530@company.com,Ana,Silva,Acme 27,BR
1531,bruno.almeida1531@startup.com,Bruno,Almeida,Acme 28,US
1532,carla.costa1532@gmail.com,Carla,Costa,Acme 29,AU
1533,diego.santos1533@outlook.com,Diego,Santos,Acme 30,DE
1534,elisa.fernandes1534@company.com,Elisa,Fernandes,Acme 31,PT
1535,fabio.pereira1535@startup.com,Fabio,Pereira,Acme 32,AR
1536,gabriela.oliveira1536@gmail.com,Gabriela,Oliveira,Acme 33,MX
1537,henrique.lima1537@outlook.com,Henrique,Lima,Acme 34,CA
1538,isabela.ribeiro1538@company.com,Isabela,Ribeiro,Acme 35,UK
1539,joao.souza1539@startup.com,Joao,Souza,Acme 36,ES
1540,ana.silva1540@gmail.com,Ana,Silva,Acme 37,BR
1541,bruno.almeida1541@outlook.com,Bruno,Almeida,Acme 38,US
1542,carla.costa1542@company.com,Carla,Costa,Acme 39,AU
1543,diego.santos1543@startup.com,Diego,Santos,Acme 40,DE
1544,elisa.fernandes1544@gmail.com,Elisa,Fernandes,Acme 41,PT
1545,fabio.pereira1545@outlook.com,Fabio,Pereira,Acme 42,AR
1546,gabriela.oliveira1546@company.com,Gabriela,Oliveira,Acme 43,MX
1547,henrique.lima1547@startup.com,Henrique,Lima,Acme 44,CA
1548,isabela.ribeiro1548@gmail.com,Isabela,Ribeiro,Acme 45,UK
1549,joao.souza1549@outlook.com,Joao,Souza,Acme 46,ES
1550,ana.silva1550@company.com,Ana,Silva,Acme 47,BR
1551,bruno.almeida1551@startup.com,Bruno,Almeida,Acme 1,US
1552,carla.costa1552@gmail.com,Carla,Costa,Acme 2,AU
1553,diego.santos1553@outlook.com,Diego,Santos,Acme 3,DE
1554,elisa.fernandes1554@company.com,Elisa,Fernandes,Acme 4,PT
1555,fabio.pereira1555@startup.com,Fabio,Pereira,Acme 5,AR
1556,gabriela.oliveira1556@gmail.com,Gabriela,Oliveira,Acme 6,MX
1557,henrique.lima1557@outlook.com,Henrique,Lima,Acme 7,CA
1558,isabela.ribeiro1558@company.com,Isabela,Ribeiro,Acme 8,UK
1559,joao.souza1559@startup.com,Joao,Souza,Acme 9,ES
1560,ana.silva1560@gmail.com,Ana,Silva,Acme 10,BR
1561,bruno.almeida1561@outlook.com,Bruno,Almeida,Acme 11,US
1562,carla.costa1562@company.com,Carla,Costa,Acme 12,AU
1563,diego.santos1563@startup.com,Diego,Santos,Acme 13,DE
1564,elisa.fernandes1564@gmail.com,Elisa,Fernandes,Acme 14,PT
1565,fabio.pereira1565@outlook.com,Fabio,Pereira,Acme 15,AR
1566,gabriela.oliveira1566@company.com,Gabriela,Oliveira,Acme 16,MX
1567,henrique.lima1567@startup.com,Henrique,Lima,Acme 17,CA
1568,isabela.ribeiro1568@gmail.com,Isabela,Ribeiro,Acme 18,UK
1569,joao.souza1569@outlook.com,Joao,Souza,Acme 19,ES
1570,ana.silva1570@company.com,Ana,Silva,Acme 20,BR
1571,bruno.almeida1571@startup.com,Bruno,Almeida,Acme 21,US
1572,carla.costa1572@gmail.com,Carla,Costa,Acme 22,AU
1573,diego.santos1573@outlook.com,Diego,Santos,Acme 23,DE
1574,elisa.fernandes1574@company.com,Elisa,Fernandes,Acme 24,PT
1575,fabio.pereira1575@startup.com,Fabio,Pereira,Acme 25,AR
1576,gabriela.oliveira1576@gmail.com,Gabriela,Oliveira,Acme 26,MX
1577,henrique.lima1577@outlook.com,Henrique,Lima,Acme 27,CA
1578,isabela.ribeiro1578@company.com,Isabela,Ribeiro,Acme 28,UK
1579,joao.souza1579@startup.com,Joao,Souza,Acme 29,ES
1580,ana.silva1580@gmail.com,Ana,Silva,Acme 30,BR
1581,bruno.almeida1581@outlook.com,Bruno,Almeida,Acme 31,US
1582,carla.costa1582@company.com,Carla,Costa,Acme 32,AU
1583,diego.santos1583@startup.com,Diego,Santos,Acme 33,DE
1584,elisa.fernandes1584@gmail.com,Elisa,Fernandes,Acme 34,PT
1585,fabio.pereira1585@outlook.com,Fabio,Pereira,Acme 35,AR
1586,gabriela.oliveira1586@company.com,Gabriela,Oliveira,Acme 36,MX
1587,henrique.lima1587@startup.com,Henrique,Lima,Acme 37,CA
1588,isabela.ribeiro1588@gmail.com,Isabela,Ribeiro,Acme 38,UK
1589,joao.souza1589@outlook.com,Joao,Souza,Acme 39,ES
1590,ana.silva1590@company.com,Ana,Silva,Acme 40,BR
1591,bruno.almeida1591@startup.com,Bruno,Almeida,Acme 41,US
1592,carla.costa1592@gmail.com,Carla,Costa,Acme 42,AU
1593,diego.santos1593@outlook.com,Diego,Santos,Acme 43,DE
1594,elisa.fernandes1594@company.com,Elisa,Fernandes,Acme 44,PT
1595,fabio.pereira1595@startup.com,Fabio,Pereira,Acme 45,AR
1596,gabriela.oliveira1596@gmail.com,Gabriela,Oliveira,Acme 46,MX
1597,henrique.lima1597@outlook.com,Henrique,Lima,Acme 47,CA
1598,isabela.ribeiro1598@company.com,Isabela,Ribeiro,Acme 1,UK
1599,joao.souza1599@startup.com,Joao,Souza,Acme 2,ES
1600,ana.silva1600@gmail.com,Ana,Silva,Acme 3,BR
1601,bruno.almeida1601@outlook.com,Bruno,Almeida,Acme 4,US
1602,carla.costa1602@company.com,Carla,Costa,Acme 5,AU
1603,diego.santos1603@startup.com,Diego,Santos,Acme 6,DE
1604,elisa.fernandes1604@gmail.com,Elisa,Fernandes,Acme 7,PT
1605,fabio.pereira1605@outlook.com,Fabio,Pereira,Acme 8,AR
1606,gabriela.oliveira1606@company.com,Gabriela,Oliveira,Acme 9,MX
1607,henrique.lima1607@startup.com,Henrique,Lima,Acme 10,CA
1608,isabela.ribeiro1608@gmail.com,Isabela,Ribeiro,Acme 11,UK
1609,joao.souza1609@outlook.com,Joao,Souza,Acme 12,ES
1610,ana.silva1610@company.com,Ana,Silva,Acme 13,BR
1611,bruno.almeida1611@startup.com,Bruno,Almeida,Acme 14,US
1612,carla.costa1612@gmail.com,Carla,Costa,Acme 15,AU
1613,diego.santos1613@outlook.com,Diego,Santos,Acme 16,DE
1614,elisa.fernandes1614@company.com,Elisa,Fernandes,Acme 17,PT
1615,fabio.pereira1615@startup.com,Fabio,Pereira,Acme 18,AR
1616,gabriela.oliveira1616@gmail.com,Gabriela,Oliveira,Acme 19,MX
1617,henrique.lima1617@outlook.com,Henrique,Lima,Acme 20,CA
1618,isabela.ribeiro1618@company.com,Isabela,Ribeiro,Acme 21,UK
1619,joao.souza1619@startup.com,Joao,Souza,Acme 22,ES
1620,ana.silva1620@gmail.com,Ana,Silva,Acme 23,BR
1621,bruno.almeida1621@outlook.com,Bruno,Almeida,Acme 24,US
1622,carla.costa1622@company.com,Carla,Costa,Acme 25,AU
1623,diego.santos1623@startup.com,Diego,Santos,Acme 26,DE
1624,elisa.fernandes1624@gmail.com,Elisa,Fernandes,Acme 27,PT
1625,fabio.pereira1625@outlook.com,Fabio,Pereira,Acme 28,AR
1626,gabriela.oliveira1626@company.com,Gabriela,Oliveira,Acme 29,MX
1627,henrique.lima1627@startup.com,Henrique,Lima,Acme 30,CA
1628,isabela.ribeiro1628@gmail.com,Isabela,Ribeiro,Acme 31,UK
1629,joao.souza1629@outlook.com,Joao,Souza,Acme 32,ES
1630,ana.silva1630@company.com,Ana,Silva,Acme 33,BR
1631,bruno.almeida1631@startup.com,Bruno,Almeida,Acme 34,US
1632,carla.costa1632@gmail.com,Carla,Costa,Acme 35,AU
1633,diego.santos1633@outlook.com,Diego,Santos,Acme 36,DE
1634,elisa.fernandes1634@company.com,Elisa,Fernandes,Acme 37,PT
1635,fabio.pereira1635@startup.com,Fabio,Pereira,Acme 38,AR
1636,gabriela.oliveira1636@gmail.com,Gabriela,Oliveira,Acme 39,MX
1637,henrique.lima1637@outlook.com,Henrique,Lima,Acme 40,CA
1638,isabela.ribeiro1638@company.com,Isabela,Ribeiro,Acme 41,UK
1639,joao.souza1639@startup.com,Joao,Souza,Acme 42,ES
1640,ana.silva1640@gmail.com,Ana,Silva,Acme 43,BR
1641,bruno.almeida1641@outlook.com,Bruno,Almeida,Acme 44,US
1642,carla.costa1642@company.com,Carla,Costa,Acme 45,AU
1643,diego.santos1643@startup.com,Diego,Santos,Acme 46,DE
1644,elisa.fernandes1644@gmail.com,Elisa,Fernandes,Acme 47,PT
1645,fabio.pereira1645@outlook.com,Fabio,Pereira,Acme 1,AR
1646,gabriela.oliveira1646@company.com,Gabriela,Oliveira,Acme 2,MX
1647,henrique.lima1647@startup.com,Henrique,Lima,Acme 3,CA
1648,isabela.ribeiro1648@gmail.com,Isabela,Ribeiro,Acme 4,UK
1649,joao.souza1649@outlook.com,Joao,Souza,Acme 5,ES
1650,ana.silva1650@company.com,Ana,Silva,Acme 6,BR
1651,bruno.almeida1651@startup.com,Bruno,Almeida,Acme 7,US
1652,carla.costa1652@gmail.com,Carla,Costa,Acme 8,AU
1653,diego.santos1653@outlook.com,Diego,Santos,Acme 9,DE
1654,elisa.fernandes1654@company.com,Elisa,Fernandes,Acme 10,PT
1655,fabio.pereira1655@startup.com,Fabio,Pereira,Acme 11,AR
1656,gabriela.oliveira1656@gmail.com,Gabriela,Oliveira,Acme 12,MX
1657,henrique.lima1657@outlook.com,Henrique,Lima,Acme 13,CA
1658,isabela.ribeiro1658@company.com,Isabela,Ribeiro,Acme 14,UK
1659,joao.souza1659@startup.com,Joao,Souza,Acme 15,ES
1660,ana.silva1660@gmail.com,Ana,Silva,Acme 16,BR
1661,bruno.almeida1661@outlook.com,Bruno,Almeida,Acme 17,US
1662,carla.costa1662@company.com,Carla,Costa,Acme 18,AU
1663,diego.santos1663@startup.com,Diego,Santos,Acme 19,DE
1664,elisa.fernandes1664@gmail.com,Elisa,Fernandes,Acme 20,PT
1665,fabio.pereira1665@outlook.com,Fabio,Pereira,Acme 21,AR
1666,gabriela.oliveira1666@company.com,Gabriela,Oliveira,Acme 22,MX
1667,henrique.lima1667@startup.com,Henrique,Lima,Acme 23,CA
1668,isabela.ribeiro1668@gmail.com,Isabela,Ribeiro,Acme 24,UK
1669,joao.souza1669@outlook.com,Joao,Souza,Acme 25,ES
1670,ana.silva1670@company.com,Ana,Silva,Acme 26,BR
1671,bruno.almeida1671@startup.com,Bruno,Almeida,Acme 27,US
1672,carla.costa1672@gmail.com,Carla,Costa,Acme 28,AU
1673,diego.santos1673@outlook.com,Diego,Santos,Acme 29,DE
1674,elisa.fernandes1674@company.com,Elisa,Fernandes,Acme 30,PT
1675,fabio.pereira1675@startup.com,Fabio,Pereira,Acme 31,AR
1676,gabriela.oliveira1676@gmail.com,Gabriela,Oliveira,Acme 32,MX
1677,henrique.lima1677@outlook.com,Henrique,Lima,Acme 33,CA
1678,isabela.ribeiro1678@company.com,Isabela,Ribeiro,Acme 34,UK
1679,joao.souza1679@startup.com,Joao,Souza,Acme 35,ES
1680,ana.silva1680@gmail.com,Ana,Silva,Acme 36,BR
1681,bruno.almeida1681@outlook.com,Bruno,Almeida,Acme 37,US
1682,carla.costa1682@company.com,Carla,Costa,Acme 38,AU
1683,diego.santos1683@startup.com,Diego,Santos,Acme 39,DE
1684,elisa.fernandes1684@gmail.com,Elisa,Fernandes,Acme 40,PT
1685,fabio.pereira1685@outlook.com,Fabio,Pereira,Acme 41,AR
1686,gabriela.oliveira1686@company.com,Gabriela,Oliveira,Acme 42,MX
1687,henrique.lima1687@startup.com,Henrique,Lima,Acme 43,CA
1688,isabela.ribeiro1688@gmail.com,Isabela,Ribeiro,Acme 44,UK
1689,joao.souza1689@outlook.com,Joao,Souza,Acme 45,ES
1690,ana.silva1690@company.com,Ana,Silva,Acme 46,BR
1691,bruno.almeida1691@startup.com,Bruno,Almeida,Acme 47,US
1692,carla.costa1692@gmail.com,Carla,Costa,Acme 1,AU
1693,diego.santos1693@outlook.com,Diego,Santos,Acme 2,DE
1694,elisa.fernandes1694@company.com,Elisa,Fernandes,Acme 3,PT
1695,fabio.pereira1695@startup.com,Fabio,Pereira,Acme 4,AR
1696,gabriela.oliveira1696@gmail.com,Gabriela,Oliveira,Acme 5,MX
1697,henrique.lima1697@outlook.com,Henrique,Lima,Acme 6,CA
1698,isabela.ribeiro1698@company.com,Isabela,Ribeiro,Acme 7,UK
1699,joao.souza1699@startup.com,Joao,Souza,Acme 8,ES
1700,ana.silva1700@gmail.com,Ana,Silva,Acme 9,BR
1701,bruno.almeida1701@outlook.com,Bruno,Almeida,Acme 10,US
1702,carla.costa1702@company.com,Carla,Costa,Acme 11,AU
1703,diego.santos1703@startup.com,Diego,Santos,Acme 12,DE
1704,elisa.fernandes1704@gmail.com,Elisa,Fernandes,Acme 13,PT
1705,fabio.pereira1705@outlook.com,Fabio,Pereira,Acme 14,AR
1706,gabriela.oliveira1706@company.com,Gabriela,Oliveira,Acme 15,MX
1707,henrique.lima1707@startup.com,Henrique,Lima,Acme 16,CA
1708,isabela.ribeiro1708@gmail.com,Isabela,Ribeiro,Acme 17,UK
1709,joao.souza1709@outlook.com,Joao,Souza,Acme 18,ES
1710,ana.silva1710@company.com,Ana,Silva,Acme 19,BR
1711,bruno.almeida1711@startup.com,Bruno,Almeida,Acme 20,US
1712,carla.costa1712@gmail.com,Carla,Costa,Acme 21,AU
1713,diego.santos1713@outlook.com,Diego,Santos,Acme 22,DE
1714,elisa.fernandes1714@company.com,Elisa,Fernandes,Acme 23,PT
1715,fabio.pereira1715@startup.com,Fabio,Pereira,Acme 24,AR
1716,gabriela.oliveira1716@gmail.com,Gabriela,Oliveira,Acme 25,MX
1717,henrique.lima1717@outlook.com,Henrique,Lima,Acme 26,CA
1718,isabela.ribeiro1718@company.com,Isabela,Ribeiro,Acme 27,UK
1719,joao.souza1719@startup.com,Joao,Souza,Acme 28,ES
1720,ana.silva1720@gmail.com,Ana,Silva,Acme 29,BR
1721,bruno.almeida1721@outlook.com,Bruno,Almeida,Acme 30,US
1722,carla.costa1722@company.com,Carla,Costa,Acme 31,AU
1723,diego.santos1723@startup.com,Diego,Santos,Acme 32,DE
1724,elisa.fernandes1724@gmail.com,Elisa,Fernandes,Acme 33,PT
1725,fabio.pereira1725@outlook.com,Fabio,Pereira,Acme 34,AR
1726,gabriela.oliveira1726@company.com,Gabriela,Oliveira,Acme 35,MX
1727,henrique.lima1727@startup.com,Henrique,Lima,Acme 36,CA
1728,isabela.ribeiro1728@gmail.com,Isabela,Ribeiro,Acme 37,UK
1729,joao.souza1729@outlook.com,Joao,Souza,Acme 38,ES
1730,ana.silva1730@company.com,Ana,Silva,Acme 39,BR
1731,bruno.almeida1731@startup.com,Bruno,Almeida,Acme 40,US
1732,carla.costa1732@gmail.com,Carla,Costa,Acme 41,AU
1733,diego.santos1733@outlook.com,Diego,Santos,Acme 42,DE
1734,elisa.fernandes1734@company.com,Elisa,Fernandes,Acme 43,PT
1735,fabio.pereira1735@startup.com,Fabio,Pereira,Acme 44,AR
1736,gabriela.oliveira1736@gmail.com,Gabriela,Oliveira,Acme 45,MX
1737,henrique.lima1737@outlook.com,Henrique,Lima,Acme 46,CA
1738,isabela.ribeiro1738@company.com,Isabela,Ribeiro,Acme 47,UK
1739,joao.souza1739@startup.com,Joao,Souza,Acme 1,ES
1740,ana.silva1740@gmail.com,Ana,Silva,Acme 2,BR
1741,bruno.almeida1741@outlook.com,Bruno,Almeida,Acme 3,US
1742,carla.costa1742@company.com,Carla,Costa,Acme 4,AU
1743,diego.santos1743@startup.com,Diego,Santos,Acme 5,DE
1744,elisa.fernandes1744@gmail.com,Elisa,Fernandes,Acme 6,PT
1745,fabio.pereira1745@outlook.com,Fabio,Pereira,Acme 7,AR
1746,gabriela.oliveira1746@company.com,Gabriela,Oliveira,Acme 8,MX
1747,henrique.lima1747@startup.com,Henrique,Lima,Acme 9,CA
1748,isabela.ribeiro1748@gmail.com,Isabela,Ribeiro,Acme 10,UK
1749,joao.souza1749@outlook.com,Joao,Souza,Acme 11,ES
1750,ana.silva1750@company.com,Ana,Silva,Acme 12,BR
1751,bruno.almeida1751@startup.com,Bruno,Almeida,Acme 13,US
1752,carla.costa1752@gmail.com,Carla,Costa,Acme 14,AU
1753,diego.santos1753@outlook.com,Diego,Santos,Acme 15,DE
1754,elisa.fernandes1754@company.com,Elisa,Fernandes,Acme 16,PT
1755,fabio.pereira1755@startup.com,Fabio,Pereira,Acme 17,AR
1756,gabriela.oliveira1756@gmail.com,Gabriela,Oliveira,Acme 18,MX
1757,henrique.lima1757@outlook.com,Henrique,Lima,Acme 19,CA
1758,isabela.ribeiro1758@company.com,Isabela,Ribeiro,Acme 20,UK
1759,joao.souza1759@startup.com,Joao,Souza,Acme 21,ES
1760,ana.silva1760@gmail.com,Ana,Silva,Acme 22,BR
1761,bruno.almeida1761@outlook.com,Bruno,Almeida,Acme 23,US
1762,carla.costa1762@company.com,Carla,Costa,Acme 24,AU
1763,diego.santos1763@startup.com,Diego,Santos,Acme 25,DE
1764,elisa.fernandes1764@gmail.com,Elisa,Fernandes,Acme 26,PT
1765,fabio.pereira1765@outlook.com,Fabio,Pereira,Acme 27,AR
1766,gabriela.oliveira1766@company.com,Gabriela,Oliveira,Acme 28,MX
1767,henrique.lima1767@startup.com,Henrique,Lima,Acme 29,CA
1768,isabela.ribeiro1768@gmail.com,Isabela,Ribeiro,Acme 30,UK
1769,joao.souza1769@outlook.com,Joao,Souza,Acme 31,ES
1770,ana.silva1770@company.com,Ana,Silva,Acme 32,BR
1771,bruno.almeida1771@startup.com,Bruno,Almeida,Acme 33,US
1772,carla.costa1772@gmail.com,Carla,Costa,Acme 34,AU
1773,diego.santos1773@outlook.com,Diego,Santos,Acme 35,DE
1774,elisa.fernandes1774@company.com,Elisa,Fernandes,Acme 36,PT
1775,fabio.pereira1775@startup.com,Fabio,Pereira,Acme 37,AR
1776,gabriela.oliveira1776@gmail.com,Gabriela,Oliveira,Acme 38,MX
1777,henrique.lima1777@outlook.com,Henrique,Lima,Acme 39,CA
1778,isabela.ribeiro1778@company.com,Isabela,Ribeiro,Acme 40,UK
1779,joao.souza1779@startup.com,Joao,Souza,Acme 41,ES
1780,ana.silva1780@gmail.com,Ana,Silva,Acme 42,BR
1781,bruno.almeida1781@outlook.com,Bruno,Almeida,Acme 43,US
1782,carla.costa1782@company.com,Carla,Costa,Acme 44,AU
1783,diego.santos1783@startup.com,Diego,Santos,Acme 45,DE
1784,elisa.fernandes1784@gmail.com,Elisa,Fernandes,Acme 46,PT
1785,fabio.pereira1785@outlook.com,Fabio,Pereira,Acme 47,AR
1786,gabriela.oliveira1786@company.com,Gabriela,Oliveira,Acme 1,MX
1787,henrique.lima1787@startup.com,Henrique,Lima,Acme 2,CA
1788,isabela.ribeiro1788@gmail.com,Isabela,Ribeiro,Acme 3,UK
1789,joao.souza1789@outlook.com,Joao,Souza,Acme 4,ES
1790,ana.silva1790@company.com,Ana,Silva,Acme 5,BR
1791,bruno.almeida1791@startup.com,Bruno,Almeida,Acme 6,US
1792,carla.costa1792@gmail.com,Carla,Costa,Acme 7,AU
1793,diego.santos1793@outlook.com,Diego,Santos,Acme 8,DE
1794,elisa.fernandes1794@company.com,Elisa,Fernandes,Acme 9,PT
1795,fabio.pereira1795@startup.com,Fabio,Pereira,Acme 10,AR
1796,gabriela.oliveira1796@gmail.com,Gabriela,Oliveira,Acme 11,MX
1797,henrique.lima1797@outlook.com,Henrique,Lima,Acme 12,CA
1798,isabela.ribeiro1798@company.com,Isabela,Ribeiro,Acme 13,UK
1799,joao.souza1799@startup.com,Joao,Souza,Acme 14,ES
1800,ana.silva1800@gmail.com,Ana,Silva,Acme 15,BR
1801,bruno.almeida1801@outlook.com,Bruno,Almeida,Acme 16,US
1802,carla.costa1802@company.com,Carla,Costa,Acme 17,AU
1803,diego.santos1803@startup.com,Diego,Santos,Acme 18,DE
1804,elisa.fernandes1804@gmail.com,Elisa,Fernandes,Acme 19,PT
1805,fabio.pereira1805@outlook.com,Fabio,Pereira,Acme 20,AR
1806,gabriela.oliveira1806@company.com,Gabriela,Oliveira,Acme 21,MX
1807,henrique.lima1807@startup.com,Henrique,Lima,Acme 22,CA
1808,isabela.ribeiro1808@gmail.com,Isabela,Ribeiro,Acme 23,UK
1809,joao.souza1809@outlook.com,Joao,Souza,Acme 24,ES
1810,ana.silva1810@company.com,Ana,Silva,Acme 25,BR
1811,bruno.almeida1811@startup.com,Bruno,Almeida,Acme 26,US
1812,carla.costa1812@gmail.com,Carla,Costa,Acme 27,AU
1813,diego.santos1813@outlook.com,Diego,Santos,Acme 28,DE
1814,elisa.fernandes1814@company.com,Elisa,Fernandes,Acme 29,PT
1815,fabio.pereira1815@startup.com,Fabio,Pereira,Acme 30,AR
1816,gabriela.oliveira1816@gmail.com,Gabriela,Oliveira,Acme 31,MX
1817,henrique.lima1817@outlook.com,Henrique,Lima,Acme 32,CA
1818,isabela.ribeiro1818@company.com,Isabela,Ribeiro,Acme 33,UK
1819,joao.souza1819@startup.com,Joao,Souza,Acme 34,ES
1820,ana.silva1820@gmail.com,Ana,Silva,Acme 35,BR
1821,bruno.almeida1821@outlook.com,Bruno,Almeida,Acme 36,US
1822,carla.costa1822@company.com,Carla,Costa,Acme 37,AU
1823,diego.santos1823@startup.com,Diego,Santos,Acme 38,DE
1824,elisa.fernandes1824@gmail.com,Elisa,Fernandes,Acme 39,PT
1825,fabio.pereira1825@outlook.com,Fabio,Pereira,Acme 40,AR
1826,gabriela.oliveira1826@company.com,Gabriela,Oliveira,Acme 41,MX
1827,henrique.lima1827@startup.com,Henrique,Lima,Acme 42,CA
1828,isabela.ribeiro1828@gmail.com,Isabela,Ribeiro,Acme 43,UK
1829,joao.souza1829@outlook.com,Joao,Souza,Acme 44,ES
1830,ana.silva1830@company.com,Ana,Silva,Acme 45,BR
1831,bruno.almeida1831@startup.com,Bruno,Almeida,Acme 46,US
1832,carla.costa1832@gmail.com,Carla,Costa,Acme 47,AU
1833,diego.santos1833@outlook.com,Diego,Santos,Acme 1,DE
1834,elisa.fernandes1834@company.com,Elisa,Fernandes,Acme 2,PT
1835,fabio.pereira1835@startup.com,Fabio,Pereira,Acme 3,AR
1836,gabriela.oliveira1836@gmail.com,Gabriela,Oliveira,Acme 4,MX
1837,henrique.lima1837@outlook.com,Henrique,Lima,Acme 5,CA
1838,isabela.ribeiro1838@company.com,Isabela,Ribeiro,Acme 6,UK
1839,joao.souza1839@startup.com,Joao,Souza,Acme 7,ES
1840,ana.silva1840@gmail.com,Ana,Silva,Acme 8,BR
1841,bruno.almeida1841@outlook.com,Bruno,Almeida,Acme 9,US
1842,carla.costa1842@company.com,Carla,Costa,Acme 10,AU
1843,diego.santos1843@startup.com,Diego,Santos,Acme 11,DE
1844,elisa.fernandes1844@gmail.com,Elisa,Fernandes,Acme 12,PT
1845,fabio.pereira1845@outlook.com,Fabio,Pereira,Acme 13,AR
1846,gabriela.oliveira1846@company.com,Gabriela,Oliveira,Acme 14,MX
1847,henrique.lima1847@startup.com,Henrique,Lima,Acme 15,CA
1848,isabela.ribeiro1848@gmail.com,Isabela,Ribeiro,Acme 16,UK
1849,joao.souza1849@outlook.com,Joao,Souza,Acme 17,ES
1850,ana.silva1850@company.com,Ana,Silva,Acme 18,BR
1851,bruno.almeida1851@startup.com,Bruno,Almeida,Acme 19,US
1852,carla.costa1852@gmail.com,Carla,Costa,Acme 20,AU
1853,diego.santos1853@outlook.com,Diego,Santos,Acme 21,DE
1854,elisa.fernandes1854@company.com,Elisa,Fernandes,Acme 22,PT
1855,fabio.pereira1855@startup.com,Fabio,Pereira,Acme 23,AR
1856,gabriela.oliveira1856@gmail.com,Gabriela,Oliveira,Acme 24,MX
1857,henrique.lima1857@outlook.com,Henrique,Lima,Acme 25,CA
1858,isabela.ribeiro1858@company.com,Isabela,Ribeiro,Acme 26,UK
1859,joao.souza1859@startup.com,Joao,Souza,Acme 27,ES
1860,ana.silva1860@gmail.com,Ana,Silva,Acme 28,BR
1861,bruno.almeida1861@outlook.com,Bruno,Almeida,Acme 29,US
1862,carla.costa1862@company.com,Carla,Costa,Acme 30,AU
1863,diego.santos1863@startup.com,Diego,Santos,Acme 31,DE
1864,elisa.fernandes1864@gmail.com,Elisa,Fernandes,Acme 32,PT
1865,fabio.pereira1865@outlook.com,Fabio,Pereira,Acme 33,AR
1866,gabriela.oliveira1866@company.com,Gabriela,Oliveira,Acme 34,MX
1867,henrique.lima1867@startup.com,Henrique,Lima,Acme 35,CA
1868,isabela.ribeiro1868@gmail.com,Isabela,Ribeiro,Acme 36,UK
1869,joao.souza1869@outlook.com,Joao,Souza,Acme 37,ES
1870,ana.silva1870@company.com,Ana,Silva,Acme 38,BR
1871,bruno.almeida1871@startup.com,Bruno,Almeida,Acme 39,US
1872,carla.costa1872@gmail.com,Carla,Costa,Acme 40,AU
1873,diego.santos1873@outlook.com,Diego,Santos,Acme 41,DE
1874,elisa.fernandes1874@company.com,Elisa,Fernandes,Acme 42,PT
1875,fabio.pereira1875@startup.com,Fabio,Pereira,Acme 43,AR
1876,gabriela.oliveira1876@gmail.com,Gabriela,Oliveira,Acme 44,MX
1877,henrique.lima1877@outlook.com,Henrique,Lima,Acme 45,CA
1878,isabela.ribeiro1878@company.com,Isabela,Ribeiro,Acme 46,UK
1879,joao.souza1879@startup.com,Joao,Souza,Acme 47,ES
1880,ana.silva1880@gmail.com,Ana,Silva,Acme 1,BR
1881,bruno.almeida1881@outlook.com,Bruno,Almeida,Acme 2,US
1882,carla.costa1882@company.com,Carla,Costa,Acme 3,AU
1883,diego.santos1883@startup.com,Diego,Santos,Acme 4,DE
1884,elisa.fernandes1884@gmail.com,Elisa,Fernandes,Acme 5,PT
1885,fabio.pereira1885@outlook.com,Fabio,Pereira,Acme 6,AR
1886,gabriela.oliveira1886@company.com,Gabriela,Oliveira,Acme 7,MX
1887,henrique.lima1887@startup.com,Henrique,Lima,Acme 8,CA
1888,isabela.ribeiro1888@gmail.com,Isabela,Ribeiro,Acme 9,UK
1889,joao.souza1889@outlook.com,Joao,Souza,Acme 10,ES
1890,ana.silva1890@company.com,Ana,Silva,Acme 11,BR
1891,bruno.almeida1891@startup.com,Bruno,Almeida,Acme 12,US
1892,carla.costa1892@gmail.com,Carla,Costa,Acme 13,AU
1893,diego.santos1893@outlook.com,Diego,Santos,Acme 14,DE
1894,elisa.fernandes1894@company.com,Elisa,Fernandes,Acme 15,PT
1895,fabio.pereira1895@startup.com,Fabio,Pereira,Acme 16,AR
1896,gabriela.oliveira1896@gmail.com,Gabriela,Oliveira,Acme 17,MX
1897,henrique.lima1897@outlook.com,Henrique,Lima,Acme 18,CA
1898,isabela.ribeiro1898@company.com,Isabela,Ribeiro,Acme 19,UK
1899,joao.souza1899@startup.com,Joao,Souza,Acme 20,ES
1900,ana.silva1900@gmail.com,Ana,Silva,Acme 21,BR
1901,bruno.almeida1901@outlook.com,Bruno,Almeida,Acme 22,US
1902,carla.costa1902@company.com,Carla,Costa,Acme 23,AU
1903,diego.santos1903@startup.com,Diego,Santos,Acme 24,DE
1904,elisa.fernandes1904@gmail.com,Elisa,Fernandes,Acme 25,PT
1905,fabio.pereira1905@outlook.com,Fabio,Pereira,Acme 26,AR
1906,gabriela.oliveira1906@company.com,Gabriela,Oliveira,Acme 27,MX
1907,henrique.lima1907@startup.com,Henrique,Lima,Acme 28,CA
1908,isabela.ribeiro1908@gmail.com,Isabela,Ribeiro,Acme 29,UK
1909,joao.souza1909@outlook.com,Joao,Souza,Acme 30,ES
1910,ana.silva1910@company.com,Ana,Silva,Acme 31,BR
1911,bruno.almeida1911@startup.com,Bruno,Almeida,Acme 32,US
1912,carla.costa1912@gmail.com,Carla,Costa,Acme 33,AU
1913,diego.santos1913@outlook.com,Diego,Santos,Acme 34,DE
1914,elisa.fernandes1914@company.com,Elisa,Fernandes,Acme 35,PT
1915,fabio.pereira1915@startup.com,Fabio,Pereira,Acme 36,AR
1916,gabriela.oliveira1916@gmail.com,Gabriela,Oliveira,Acme 37,MX
1917,henrique.lima1917@outlook.com,Henrique,Lima,Acme 38,CA
1918,isabela.ribeiro1918@company.com,Isabela,Ribeiro,Acme 39,UK
1919,joao.souza1919@startup.com,Joao,Souza,Acme 40,ES
1920,ana.silva1920@gmail.com,Ana,Silva,Acme 41,BR
1921,bruno.almeida1921@outlook.com,Bruno,Almeida,Acme 42,US
1922,carla.costa1922@company.com,Carla,Costa,Acme 43,AU
1923,diego.santos1923@startup.com,Diego,Santos,Acme 44,DE
1924,elisa.fernandes1924@gmail.com,Elisa,Fernandes,Acme 45,PT
1925,fabio.pereira1925@outlook.com,Fabio,Pereira,Acme 46,AR
1926,gabriela.oliveira1926@company.com,Gabriela,Oliveira,Acme 47,MX
1927,henrique.lima1927@startup.com,Henrique,Lima,Acme 1,CA
1928,isabela.ribeiro1928@gmail.com,Isabela,Ribeiro,Acme 2,UK
1929,joao.souza1929@outlook.com,Joao,Souza,Acme 3,ES
1930,ana.silva1930@company.com,Ana,Silva,Acme 4,BR
1931,bruno.almeida1931@startup.com,Bruno,Almeida,Acme 5,US
1932,carla.costa1932@gmail.com,Carla,Costa,Acme 6,AU
1933,diego.santos1933@outlook.com,Diego,Santos,Acme 7,DE
1934,elisa.fernandes1934@company.com,Elisa,Fernandes,Acme 8,PT
1935,fabio.pereira1935@startup.com,Fabio,Pereira,Acme 9,AR
1936,gabriela.oliveira1936@gmail.com,Gabriela,Oliveira,Acme 10,MX
1937,henrique.lima1937@outlook.com,Henrique,Lima,Acme 11,CA
1938,isabela.ribeiro1938@company.com,Isabela,Ribeiro,Acme 12,UK
1939,joao.souza1939@startup.com,Joao,Souza,Acme 13,ES
1940,ana.silva1940@gmail.com,Ana,Silva,Acme 14,BR
1941,bruno.almeida1941@outlook.com,Bruno,Almeida,Acme 15,US
1942,carla.costa1942@company.com,Carla,Costa,Acme 16,AU
1943,diego.santos1943@startup.com,Diego,Santos,Acme 17,DE
1944,elisa.fernandes1944@gmail.com,Elisa,Fernandes,Acme 18,PT
1945,fabio.pereira1945@outlook.com,Fabio,Pereira,Acme 19,AR
1946,gabriela.oliveira1946@company.com,Gabriela,Oliveira,Acme 20,MX
1947,henrique.lima1947@startup.com,Henrique,Lima,Acme 21,CA
1948,isabela.ribeiro1948@gmail.com,Isabela,Ribeiro,Acme 22,UK
1949,joao.souza1949@outlook.com,Joao,Souza,Acme 23,ES
1950,ana.silva1950@company.com,Ana,Silva,Acme 24,BR
1951,bruno.almeida1951@startup.com,Bruno,Almeida,Acme 25,US
1952,carla.costa1952@gmail.com,Carla,Costa,Acme 26,AU
1953,diego.santos1953@outlook.com,Diego,Santos,Acme 27,DE
1954,elisa.fernandes1954@company.com,Elisa,Fernandes,Acme 28,PT
1955,fabio.pereira1955@startup.com,Fabio,Pereira,Acme 29,AR
1956,gabriela.oliveira1956@gmail.com,Gabriela,Oliveira,Acme 30,MX
1957,henrique.lima1957@outlook.com,Henrique,Lima,Acme 31,CA
1958,isabela.ribeiro1958@company.com,Isabela,Ribeiro,Acme 32,UK
1959,joao.souza1959@startup.com,Joao,Souza,Acme 33,ES
1960,ana.silva1960@gmail.com,Ana,Silva,Acme 34,BR
1961,bruno.almeida1961@outlook.com,Bruno,Almeida,Acme 35,US
1962,carla.costa1962@company.com,Carla,Costa,Acme 36,AU
1963,diego.santos1963@startup.com,Diego,Santos,Acme 37,DE
1964,elisa.fernandes1964@gmail.com,Elisa,Fernandes,Acme 38,PT
1965,fabio.pereira1965@outlook.com,Fabio,Pereira,Acme 39,AR
1966,gabriela.oliveira1966@company.com,Gabriela,Oliveira,Acme 40,MX
1967,henrique.lima1967@startup.com,Henrique,Lima,Acme 41,CA
1968,isabela.ribeiro1968@gmail.com,Isabela,Ribeiro,Acme 42,UK
1969,joao.souza1969@outlook.com,Joao,Souza,Acme 43,ES
1970,ana.silva1970@company.com,Ana,Silva,Acme 44,BR
1971,bruno.almeida1971@startup.com,Bruno,Almeida,Acme 45,US
1972,carla.costa1972@gmail.com,Carla,Costa,Acme 46,AU
1973,diego.santos1973@outlook.com,Diego,Santos,Acme 47,DE
1974,elisa.fernandes1974@company.com,Elisa,Fernandes,Acme 1,PT
1975,fabio.pereira1975@startup.com,Fabio,Pereira,Acme 2,AR
1976,gabriela.oliveira1976@gmail.com,Gabriela,Oliveira,Acme 3,MX
1977,henrique.lima1977@outlook.com,Henrique,Lima,Acme 4,CA
1978,isabela.ribeiro1978@company.com,Isabela,Ribeiro,Acme 5,UK
1979,joao.souza1979@startup.com,Joao,Souza,Acme 6,ES
1980,ana.silva1980@gmail.com,Ana,Silva,Acme 7,BR
1981,bruno.almeida1981@outlook.com,Bruno,Almeida,Acme 8,US
1982,carla.costa1982@company.com,Carla,Costa,Acme 9,AU
1983,diego.santos1983@startup.com,Diego,Santos,Acme 10,DE
1984,elisa.fernandes1984@gmail.com,Elisa,Fernandes,Acme 11,PT
1985,fabio.pereira1985@outlook.com,Fabio,Pereira,Acme 12,AR
1986,gabriela.oliveira1986@company.com,Gabriela,Oliveira,Acme 13,MX
1987,henrique.lima1987@startup.com,Henrique,Lima,Acme 14,CA
1988,isabela.ribeiro1988@gmail.com,Isabela,Ribeiro,Acme 15,UK
1989,joao.souza1989@outlook.com,Joao,Souza,Acme 16,ES
1990,ana.silva1990@company.com,Ana,Silva,Acme 17,BR
1991,bruno.almeida1991@startup.com,Bruno,Almeida,Acme 18,US
1992,carla.costa1992@gmail.com,Carla,Costa,Acme 19,AU
1993,diego.santos1993@outlook.com,Diego,Santos,Acme 20,DE
1994,elisa.fernandes1994@company.com,Elisa,Fernandes,Acme 21,PT
1995,fabio.pereira1995@startup.com,Fabio,Pereira,Acme 22,AR
1996,gabriela.oliveira1996@gmail.com,Gabriela,Oliveira,Acme 23,MX
1997,henrique.lima1997@outlook.com,Henrique,Lima,Acme 24,CA
1998,isabela.ribeiro1998@company.com,Isabela,Ribeiro,Acme 25,UK
1999,joao.souza1999@startup.com,Joao,Souza,Acme 26,ES
2000,ana.silva2000@gmail.com,Ana,Silva,Acme 27,BR
